"Total","Total","Total","Total","Total","1999","1999","1999","1999","1999","2000","2000","2000","2000","2000","2001","2001","2001","2001","2001","2002","2002","2002","2002","2002","2003","2003","2003","2003","2003","2004","2004","2004","2004","2004","2005","2005","2005","2005","2005","2006","2006","2006","2006","2006","2007","2007","2007","2007","2007","2008","2008","2008","2008","2008","2009","2009","2009","2009","2009","2010","2010","2010","2010","2010","2011","2011","2011","2011","2011","2012","2012","2012","2012","2012","2013","2013","2013","2013","2013","2014","2014","2014","2014","2014","2015","2015","2015","2015","2015","2016","2016","2016","2016","2016","2017","2017","2017","2017","2017","2018","2018","2018","2018","2018","2019","2019","2019","2019","2019","2020","2020","2020","2020","2020","2021","2021","2021","2021","2021"
,Measures,"Number of collisions","Number of vehicles","Number of persons","Number of injured","Number of fatalities","Number of collisions","Number of vehicles","Number of persons","Number of injured","Number of fatalities","Number of collisions","Number of vehicles","Number of persons","Number of injured","Number of fatalities","Number of collisions","Number of vehicles","Number of persons","Number of injured","Number of fatalities","Number of collisions","Number of vehicles","Number of persons","Number of injured","Number of fatalities","Number of collisions","Number of vehicles","Number of persons","Number of injured","Number of fatalities","Number of collisions","Number of vehicles","Number of persons","Number of injured","Number of fatalities","Number of collisions","Number of vehicles","Number of persons","Number of injured","Number of fatalities","Number of collisions","Number of vehicles","Number of persons","Number of injured","Number of fatalities","Number of collisions","Number of vehicles","Number of persons","Number of injured","Number of fatalities","Number of collisions","Number of vehicles","Number of persons","Number of injured","Number of fatalities","Number of collisions","Number of vehicles","Number of persons","Number of injured","Number of fatalities","Number of collisions","Number of vehicles","Number of persons","Number of injured","Number of fatalities","Number of collisions","Number of vehicles","Number of persons","Number of injured","Number of fatalities","Number of collisions","Number of vehicles","Number of persons","Number of injured","Number of fatalities","Number of collisions","Number of vehicles","Number of persons","Number of injured","Number of fatalities","Number of collisions","Number of vehicles","Number of persons","Number of injured","Number of fatalities","Number of collisions","Number of vehicles","Number of persons","Number of injured","Number of fatalities","Number of collisions","Number of vehicles","Number of persons","Number of injured","Number of fatalities","Number of collisions","Number of vehicles","Number of persons","Number of injured","Number of fatalities","Number of collisions","Number of vehicles","Number of persons","Number of injured","Number of fatalities","Number of collisions","Number of vehicles","Number of persons","Number of injured","Number of fatalities","Number of collisions","Number of vehicles","Number of persons","Number of injured","Number of fatalities","Number of collisions","Number of vehicles","Number of persons","Number of injured","Number of fatalities"
"Month","Speed limit",
"Total","Total",2949846,5300055,7699838,4048350,53229,151315,276090,412887,218457,2980,155838,283846,421346,222848,2904,151438,275437,408671,216542,2758,156415,283066,419237,222665,2921,152980,276460,406319,216123,2777,147588,265674,388446,206104,2735,148111,265472,385756,204701,2898,145103,259095,377755,199976,2871,141070,251239,367720,192745,2753,129764,230513,337489,176394,2431,125456,223482,330103,170770,2216,125636,224660,333987,172081,2238,124199,221626,324537,167741,2023,124682,222850,322290,166727,2075,122132,219823,316543,164525,1951,116292,209770,299800,156557,1841,119550,216036,308466,160801,1887,118321,212815,303224,158854,1900,114412,206046,289657,152773,1861,111334,199699,281971,149065,1939,104630,188716,265965,139084,1756,79990,139722,194749,104265,1746,83590,147918,202920,108552,1768
"Total","Less than 40 km per hour",36757,58768,86596,44143,400,1753,2843,4290,2208,19,1904,3105,4650,2361,25,1728,2806,4182,2185,16,1741,2791,4163,2144,22,1804,2910,4227,2220,22,1626,2635,3918,1983,12,1628,2620,3828,1968,17,1661,2605,3878,2003,11,1650,2602,3899,2017,11,1400,2205,3356,1660,18,1390,2217,3351,1670,17,1360,2111,3224,1619,11,1317,2074,3177,1571,16,1306,2045,3052,1540,29,1300,2066,3094,1531,18,1256,2021,2912,1495,12,1517,2451,3590,1826,10,1580,2508,3731,1866,14,1750,2773,3965,2051,22,1845,2909,4173,2168,17,1823,2920,4175,2129,26,1529,2475,3496,1779,19,1889,3076,4265,2149,16
"Total","40 km per hour",72839,124934,187038,90230,501,2704,4684,7307,3517,21,2824,4863,7649,3748,13,2960,5110,7935,3869,13,2952,5123,7896,3752,27,2879,4933,7615,3742,18,2913,4929,7640,3798,23,2798,4715,7247,3507,25,2798,4716,7300,3565,27,2830,4816,7354,3540,14,2719,4653,7125,3382,22,2892,4881,7810,3554,14,3243,5546,8622,4117,21,3449,5850,8859,4203,18,3576,6175,9007,4303,23,3542,6121,9045,4304,18,3050,5259,7878,3741,13,3433,5907,8581,4142,24,3425,5838,8496,4081,24,3418,5877,8493,4089,27,3699,6346,9219,4485,26,3765,6527,9372,4532,28,3022,5180,7183,3583,28,3948,6885,9405,4676,34
"Total","50 km per hour",1137485,2132272,3095734,1526143,8482,62321,118740,175471,86813,490,63702,121516,178820,88527,413,61520,117148,172574,85811,396,62925,119527,176306,87260,455,62176,117962,172706,85971,441,58679,111168,160629,79756,429,58746,110553,159823,79153,434,55888,104821,152050,75039,459,54105,101103,147191,71960,424,50177,93452,136526,66397,379,48486,90617,133529,64762,382,48550,90620,135290,65207,349,46864,87157,128158,61635,349,47520,88655,128363,61982,332,46380,86640,125396,61263,330,43567,81608,117172,57487,259,45137,84006,120450,59409,281,44030,81994,117077,57994,343,41257,76321,107773,54194,296,39808,73191,104151,52119,324,36840,67844,96355,47956,319,28599,52116,73234,36747,288,30208,55513,76690,38701,310
"Total","60 km per hour",321442,629068,918900,464090,3509,16205,32695,49963,24865,173,16969,33941,51281,25502,187,15764,31315,47227,23695,194,15641,30886,46299,23678,197,15277,30130,44752,22854,190,15340,30357,45286,22545,157,15168,29723,43975,22133,163,14809,29074,42960,21491,174,14657,28379,42136,21025,197,13122,25398,37976,18723,163,13619,26509,40290,19594,131,13915,27162,42090,20557,134,13454,26259,38719,19197,104,14746,28902,41494,20740,140,14508,28491,40349,20404,123,13420,26239,37056,18909,124,14247,27780,39286,20204,123,14552,28462,40198,20680,155,13862,26923,37238,19348,118,13604,26198,36386,18988,150,12304,23597,32657,17009,135,8108,15231,20606,10981,139,8151,15417,20676,10968,138
"Total","70 km per hour",139914,259509,363179,201394,2754,6017,11292,16123,9263,168,6342,11820,16599,9621,165,6137,11732,16585,9298,123,6616,12399,17290,9754,129,6509,12176,17019,9594,126,6751,12599,17699,9851,152,6977,12933,18032,10185,171,6830,12585,17521,9921,161,6634,12204,17121,9525,152,6013,11112,15586,8639,134,6421,11863,16775,9236,118,6524,12245,17665,9489,136,6452,12048,17168,9153,99,6387,11720,16460,8996,91,6171,11397,15979,8806,100,5621,10452,14585,7947,95,5847,10841,15127,8236,91,5803,10755,14978,8153,103,5921,10980,14983,8192,102,5547,10274,14233,7871,93,5540,10239,14051,7666,81,4272,7579,10404,5824,76,4582,8264,11196,6174,88
"Total","80 km per hour",265085,415401,612356,386242,10830,14676,22838,35324,22897,662,15198,23645,36288,23189,642,14412,22320,34160,22020,641,14663,22388,34107,22334,620,14153,21973,33104,21200,579,13895,21587,32324,20630,598,13724,21225,31404,20093,622,13472,20487,30688,19658,564,12960,19886,29561,18700,552,11388,17683,26467,16628,497,10814,16642,24555,15356,419,10804,16771,24943,15397,447,10693,16837,24865,15399,399,11035,17178,25066,15623,395,10437,16567,23808,14710,372,10001,15976,22906,14293,340,9925,16152,22980,14023,356,10327,16523,23341,14427,349,9993,16276,22919,13998,375,9179,14889,20986,13078,357,8761,14397,20234,12491,356,7288,11426,16025,10072,356,7287,11735,16301,10026,332
"Total","90 km per hour",166396,255949,373869,242590,7940,8377,12972,19821,12990,512,8316,12724,19360,12758,522,7881,12187,18274,11919,453,8849,13531,20420,13414,544,8760,13252,19782,13117,416,8599,13222,19676,12962,436,8598,12995,19072,12776,434,8672,13119,19319,12669,440,8214,12514,18536,12011,416,7764,11795,17309,11345,354,7235,10995,16253,10612,331,7238,10908,15841,10338,345,7143,10955,16039,10359,290,6821,10265,14920,9726,281,6710,10322,14931,9567,256,6471,10024,14227,9139,246,6510,10444,14981,9358,268,6602,10220,14368,9315,229,6306,9907,13983,8780,245,6068,9447,13308,8419,266,5784,9473,13245,8138,207,4601,7082,9859,6286,233,4877,7596,10345,6592,216
"Total","100 km per hour",224002,394581,575829,323737,7148,10049,17659,27013,15403,416,9889,17085,25774,14866,367,9885,16948,25598,14739,341,10451,17965,27197,15632,369,10560,18140,26991,15448,344,11039,18622,27769,16127,368,11062,18857,27814,16108,374,10529,18199,26950,15414,375,10830,18580,27689,15696,341,10088,17322,25334,14343,290,9549,16431,23995,13597,280,9269,16301,23873,13460,300,9757,17133,25028,14031,307,9276,16236,23821,13334,303,9890,17626,25566,14281,249,9644,17564,25022,13929,260,10107,18480,26485,14475,265,10047,18419,26133,14132,261,10029,18697,26192,14170,277,9602,17734,24843,13678,290,9196,17403,24617,13028,258,6575,11277,15826,8800,250,6679,11903,16299,9046,263
"Total","110 km per hour",14579,19035,31273,20916,646,285,344,594,434,7,344,415,727,504,17,354,444,781,578,13,403,483,824,609,21,519,634,996,746,24,654,831,1325,987,25,656,831,1358,994,34,715,907,1565,1047,32,813,1008,1791,1150,37,845,1048,1739,1209,35,852,1088,1836,1226,40,805,1032,1721,1119,44,918,1196,1966,1246,33,804,1053,1833,1151,51,880,1180,2004,1268,36,688,969,1546,948,28,613,886,1393,876,38,619,882,1380,887,26,562,798,1203,786,22,617,832,1344,870,28,543,720,1164,780,19,535,711,1111,749,16,555,743,1072,752,20
"Total","Choice is other than the preceding values",4209,5751,8775,5558,116,313,452,677,378,7,257,342,536,323,13,188,241,386,242,3,215,285,437,261,3,333,439,700,421,5,197,266,388,235,1,137,172,245,163,5,172,228,323,212,3,175,251,337,198,2,85,111,166,106,2,73,97,139,91,0,77,116,168,107,3,70,106,150,82,1,86,133,166,100,1,78,114,161,96,1,196,263,405,271,10,312,409,631,435,11,317,415,668,460,8,279,403,634,386,8,203,279,441,292,12,162,230,364,250,6,141,192,315,220,6,143,207,338,229,5
"Total","Unknown",212348,358484,510196,266456,2823,10912,18525,26245,14238,158,11535,19692,27591,14985,176,11268,19082,26799,14603,161,11485,19607,27078,14838,162,11242,19106,26359,14384,227,10308,17637,23821,12981,147,10499,17836,24201,13117,153,10322,17377,23886,12993,172,9944,16857,23788,12394,149,9635,16211,23063,11947,127,9577,16190,23616,11905,133,9992,17037,24535,12418,104,9888,16791,24065,12281,94,8996,15027,21922,11012,84,7832,13160,19152,9645,90,7806,13139,19282,9653,85,8083,13596,19616,9910,90,8281,13866,20052,10238,89,7694,12860,18652,9593,79,8064,13438,19949,10042,87,7959,13331,19715,9741,88,6038,9987,14877,7410,89,4988,8132,11932,6128,79
"Total","Jurisdiction does not provide this data element",354790,646303,936093,476851,8080,17703,33046,50059,25451,347,18558,34698,52071,26464,364,19341,36104,54170,27583,404,20474,38081,57220,28989,372,18768,34805,52068,26426,385,17587,31821,47971,24249,387,18118,33012,48757,24504,466,19235,34977,51315,25964,453,18258,33039,48317,24529,458,16528,29523,42842,22015,410,14548,25952,37954,19167,351,13859,24811,36015,18253,344,14194,25220,36343,18584,313,14129,25461,36186,18220,345,14404,26139,37058,18650,358,14572,26256,36809,18745,369,13819,25084,35346,17907,330,12738,22933,32802,16621,299,13341,24231,33622,17186,290,13098,24162,32938,17055,289,11953,22035,30016,15364,233,9282,16466,21813,11814,246,10283,18447,24401,13111,267
"January","Total",254459,454816,657774,346047,3750,12365,22709,33502,17530,163,13330,24162,35620,18781,228,11599,21252,31256,16345,168,12619,22598,33139,17638,201,14790,27189,39020,20642,217,14613,26530,38395,20313,201,13073,23360,33642,17819,208,11382,19807,29029,15623,214,12143,21099,30876,16437,200,11180,19775,28855,15161,196,11097,19887,29123,15003,165,9682,16944,25497,13144,158,11049,19533,28763,14991,132,10552,18495,26987,14064,148,10469,18736,26975,14030,144,11195,20219,28418,15025,127,10784,19301,27760,14501,143,9898,17632,25237,13166,131,9005,16016,22394,11796,120,9971,17770,25046,13253,139,9631,17308,24227,12585,115,8519,15053,21067,11181,125,5513,9441,12946,7019,107
"January","Less than 40 km per hour",2744,4374,6601,3295,25,110,166,246,135,1,162,269,422,203,1,121,194,299,154,0,115,183,317,138,1,132,209,314,161,2,123,211,298,155,0,106,173,244,121,0,117,185,304,152,0,153,240,359,191,0,116,178,272,137,0,101,168,276,125,3,87,131,210,112,1,95,149,238,108,1,98,152,222,119,1,107,170,259,122,3,101,165,229,113,1,126,206,308,142,1,127,197,284,149,1,124,192,293,147,2,131,202,299,159,1,154,251,360,175,2,138,230,331,164,2,100,153,217,113,1
"January","40 km per hour",5625,9549,14619,7061,29,211,355,582,275,1,246,421,663,326,1,221,389,622,289,0,212,366,568,279,2,272,466,744,364,0,235,410,648,331,0,249,429,646,306,2,215,349,552,272,3,240,396,618,312,2,224,382,592,297,2,208,362,563,259,0,235,401,638,299,2,280,480,735,351,1,293,491,728,344,1,271,474,711,336,0,263,459,673,319,2,284,466,729,348,2,253,421,660,299,2,217,358,522,253,2,269,450,680,323,1,261,453,664,316,1,269,451,645,329,1,197,320,436,234,1
"January","50 km per hour",94530,175692,257360,126543,628,4985,9455,14190,6932,28,5366,10092,14958,7413,35,4924,9408,14009,6855,25,4924,9177,13581,6759,28,5866,11186,16269,8118,35,5360,10196,14781,7282,27,4661,8720,12619,6230,28,4213,7742,11457,5656,41,4340,7920,11780,5785,36,4043,7469,10940,5348,35,4023,7508,11148,5349,19,3726,6805,10346,4954,33,3942,7232,10845,5150,21,3976,7322,10859,5230,22,3900,7189,10382,5124,33,3833,7182,10247,5054,12,3817,7099,10305,5049,20,3715,6896,9991,4921,29,3210,5942,8324,4181,20,3432,6245,9049,4538,24,3275,5952,8554,4207,31,3011,5404,7766,3905,24,1988,3551,4960,2503,22
"January","60 km per hour",27501,53011,75941,38976,274,1207,2360,3453,1766,8,1424,2826,4234,2083,25,1196,2371,3485,1732,6,1239,2369,3499,1825,13,1555,3084,4423,2277,21,1497,2926,4274,2122,12,1336,2541,3684,1862,21,1108,2096,3080,1572,16,1210,2294,3323,1730,6,1089,2095,3153,1556,11,1084,2105,3156,1546,12,1036,1948,3038,1548,10,1112,2159,3133,1609,8,1272,2452,3535,1781,13,1225,2361,3286,1671,5,1353,2635,3531,1881,13,1215,2349,3220,1671,10,1229,2377,3296,1760,13,1046,2003,2774,1424,7,1279,2408,3245,1723,12,1163,2185,2970,1581,12,1046,1997,2728,1463,13,580,1070,1421,793,7
"January","70 km per hour",12034,22584,31104,17030,184,497,955,1340,778,7,542,1028,1371,784,8,480,960,1326,731,4,518,978,1322,733,6,660,1321,1733,973,14,697,1339,1846,1021,9,631,1217,1635,897,14,526,1002,1337,768,6,619,1104,1545,864,12,528,977,1374,708,14,598,1150,1607,851,9,409,773,1111,593,9,523,981,1442,756,3,540,983,1417,769,8,517,946,1304,748,5,533,1007,1376,735,6,557,989,1378,738,7,495,918,1294,678,8,435,800,1106,596,9,492,896,1227,674,6,526,972,1293,678,4,418,764,1042,572,7,293,524,678,385,9
"January","80 km per hour",22195,35084,50401,31699,683,1148,1930,2791,1752,28,1281,1941,2937,1894,54,994,1671,2440,1491,35,1134,1700,2462,1662,39,1287,2025,2934,1873,42,1387,2197,3153,2007,49,1124,1804,2574,1602,34,1080,1607,2404,1558,41,1148,1684,2426,1593,47,930,1465,2119,1345,37,927,1529,2257,1333,30,805,1300,1859,1134,29,857,1338,1911,1223,22,956,1441,2078,1313,19,849,1329,1912,1177,28,1080,1715,2429,1500,16,942,1512,2188,1371,27,814,1279,1784,1112,15,777,1246,1750,1074,14,800,1315,1791,1107,25,731,1250,1701,1046,21,634,1014,1412,865,13,510,792,1089,667,18
"January","90 km per hour",14847,23490,33837,21432,650,689,1172,1705,1043,42,742,1171,1797,1122,43,558,881,1308,823,29,690,1069,1578,1027,39,798,1248,1810,1156,33,851,1387,2025,1300,36,782,1195,1715,1118,41,746,1154,1704,1104,31,758,1106,1641,1102,33,780,1180,1735,1134,40,653,1083,1558,968,31,589,914,1263,826,26,705,1116,1554,1017,19,608,924,1347,838,26,609,981,1444,851,29,670,1109,1532,957,18,689,1113,1602,1000,21,577,904,1280,810,17,506,790,1108,686,22,536,897,1247,741,27,552,939,1261,780,14,444,684,1000,629,23,315,473,623,400,10
"January","100 km per hour",23438,40197,56828,32673,471,1102,1925,2764,1568,13,916,1622,2291,1315,28,895,1476,2104,1282,19,909,1536,2206,1306,32,1231,2225,3088,1727,30,1512,2578,3644,2094,21,1403,2387,3457,2009,21,1008,1580,2251,1394,24,1018,1727,2462,1413,20,1041,1748,2502,1451,17,1246,2082,2881,1679,30,850,1357,2003,1205,12,1101,1834,2681,1589,25,904,1527,2201,1294,18,927,1704,2560,1373,9,1351,2469,3340,1896,26,1121,1949,2797,1559,20,819,1408,1913,1068,19,876,1499,2035,1161,21,1013,1741,2454,1383,20,1030,1875,2585,1388,8,734,1262,1713,974,22,431,686,896,545,16
"January","110 km per hour",1479,1987,3068,2027,47,38,52,80,55,1,30,38,63,39,2,27,34,50,35,0,43,56,85,64,0,41,50,82,60,1,65,83,137,97,1,81,110,170,116,0,78,98,149,106,2,78,99,165,106,0,93,116,185,121,2,96,129,203,125,3,69,90,144,89,4,129,157,257,175,1,81,117,200,114,3,112,152,258,162,6,84,128,193,134,2,37,57,72,46,4,48,70,95,62,6,50,73,89,61,1,50,73,106,67,3,47,65,95,62,2,48,65,93,60,2,54,75,97,71,1
"January","Choice is other than the preceding values",363,506,729,463,3,17,26,36,21,0,13,16,26,19,0,17,24,39,23,0,11,15,25,16,0,34,46,62,38,1,34,46,74,39,0,5,6,12,10,0,11,15,19,13,0,13,20,23,14,0,15,18,25,17,0,5,6,11,6,0,5,7,9,6,0,8,12,13,11,0,10,16,18,12,0,9,14,18,9,0,6,11,17,6,0,26,32,52,40,1,35,53,77,44,0,24,34,45,29,0,27,34,53,39,1,12,18,24,16,0,13,18,24,17,0,13,19,27,18,0
"January","Unknown",17890,30726,43469,22431,162,860,1515,2058,1089,10,990,1705,2390,1283,5,802,1381,1908,1018,9,915,1558,2246,1212,10,1014,1795,2450,1324,16,1008,1770,2353,1293,10,964,1723,2301,1194,15,766,1248,1740,958,12,878,1512,2098,1081,6,780,1346,1897,1003,8,830,1475,2088,1046,6,722,1214,1830,883,8,889,1569,2206,1103,7,711,1180,1693,868,3,648,1100,1573,779,3,705,1186,1732,862,7,685,1149,1673,812,5,670,1117,1667,855,3,656,1126,1624,810,2,681,1171,1700,857,4,698,1171,1723,870,3,650,1110,1589,783,6,368,605,930,448,4
"January","Jurisdiction does not provide this data element",31813,57616,83817,42417,594,1501,2798,4257,2116,24,1618,3033,4468,2300,26,1364,2463,3666,1912,41,1909,3591,5250,2617,31,1900,3534,5111,2571,22,1844,3387,5162,2572,36,1731,3055,4585,2354,32,1514,2731,4032,2070,38,1688,2997,4436,2246,38,1541,2801,4061,2044,30,1326,2290,3375,1716,22,1149,2004,3046,1495,24,1408,2506,3748,1899,24,1103,1890,2689,1382,34,1295,2316,3268,1678,23,1216,2153,3119,1568,24,1285,2380,3436,1725,25,1116,1992,2896,1408,18,1084,1953,2724,1374,20,1261,2338,3195,1642,15,1182,2177,2997,1466,17,1114,2054,2724,1420,12,664,1173,1572,842,18
"February","Total",216789,394019,568334,296973,3138,9915,17784,26508,14128,196,11261,20794,30401,15844,170,11231,20929,30575,16021,183,10929,19924,29184,15607,189,11722,21844,31423,16430,134,10076,18506,27047,14237,152,10182,18022,26237,13914,180,10266,18635,26952,14290,185,11392,20634,29900,15291,169,10437,18822,27291,14272,139,8525,15321,22356,11549,126,8613,15180,22534,11751,137,9250,16762,24647,12601,123,8661,15336,22194,11625,150,8752,15504,22098,11656,105,8843,16506,23253,11998,101,9896,18397,26107,13252,113,8833,15725,22403,11875,97,8017,14390,20351,10752,93,8619,15836,22191,11670,118,8277,15634,21702,11028,92,7525,13678,19415,9995,103,5567,9856,13565,7187,83
"February","Less than 40 km per hour",2515,4047,6120,3105,16,110,178,288,145,0,139,220,332,181,0,107,176,270,135,0,95,155,226,119,0,147,236,350,191,2,89,147,221,112,0,103,170,265,129,1,92,151,232,115,0,134,210,322,169,3,112,187,296,137,1,82,136,200,106,0,109,156,267,133,0,91,148,224,103,2,82,135,202,92,3,78,118,178,87,1,94,151,219,109,0,108,177,254,131,0,124,196,318,159,0,110,178,280,131,1,147,229,325,186,0,134,216,313,168,0,116,186,277,137,0,112,191,261,130,2
"February","40 km per hour",4749,8186,12609,6052,29,180,286,475,231,3,192,335,518,247,2,200,360,597,294,1,203,356,542,247,1,221,362,571,284,4,182,317,510,250,0,187,305,506,243,2,186,322,503,237,2,226,406,610,290,0,192,336,518,234,1,169,283,480,220,1,197,335,564,264,0,198,336,518,247,1,220,364,563,283,1,224,398,600,283,1,175,311,474,232,1,249,454,662,301,1,209,360,508,256,1,210,351,535,256,0,247,411,605,302,3,226,405,573,273,0,268,472,686,338,3,188,321,491,240,0
"February","50 km per hour",82519,155181,225781,111111,520,3938,7433,11053,5476,44,4749,9077,13386,6580,23,4325,8268,12021,6011,33,4437,8453,12406,6201,31,4829,9321,13452,6632,27,3883,7405,10739,5299,18,4117,7667,11319,5616,24,3810,7178,10523,5224,31,4277,8044,11730,5620,32,3822,7221,10615,5067,23,3263,6106,9047,4366,29,3322,6122,9266,4498,24,3335,6271,9309,4458,15,3252,6001,8809,4330,19,3185,5992,8668,4174,20,3479,6576,9358,4660,13,3781,7171,10349,4986,15,3281,6098,8759,4345,18,2894,5333,7613,3895,12,3038,5617,7989,3988,16,2825,5264,7378,3650,20,2662,4894,6915,3456,16,2015,3669,5077,2579,17
"February","60 km per hour",23452,45575,65795,33484,201,1024,2021,2995,1577,8,1229,2444,3591,1763,17,1172,2340,3505,1727,10,1094,2156,3093,1623,10,1197,2361,3446,1789,9,1023,2012,3021,1517,7,1006,1918,2799,1455,8,1058,2065,2999,1480,18,1264,2502,3674,1812,13,1057,2041,3018,1529,13,876,1699,2490,1234,9,926,1753,2699,1354,9,919,1792,2688,1330,7,994,1916,2684,1390,6,1007,1943,2762,1424,5,972,1924,2654,1331,8,1161,2268,3189,1592,4,1133,2176,3120,1630,4,992,1913,2700,1376,5,1014,1956,2695,1410,8,931,1758,2405,1271,6,842,1588,2170,1146,11,561,1029,1398,724,6
"February","70 km per hour",10105,19127,26281,14378,164,378,693,991,605,7,475,930,1296,726,9,415,867,1180,597,9,420,834,1124,637,4,480,948,1272,702,5,440,895,1249,654,9,501,909,1274,712,8,513,923,1235,718,11,507,936,1267,688,11,456,874,1180,676,7,398,730,1000,553,5,421,783,1103,598,9,478,924,1372,673,12,506,929,1319,728,7,456,807,1106,617,3,420,792,1070,570,4,512,967,1284,709,8,449,828,1125,623,8,409,761,1049,568,7,400,780,1053,562,11,394,758,1022,540,3,366,693,993,518,4,311,566,717,404,3
"February","80 km per hour",18590,30339,43564,27050,579,997,1530,2300,1504,49,1013,1631,2395,1519,32,1195,2014,2972,1832,45,961,1480,2194,1474,50,1028,1727,2495,1515,30,864,1497,2230,1325,36,1010,1524,2173,1433,27,996,1558,2250,1441,29,1014,1650,2394,1438,36,852,1402,1983,1240,19,645,1047,1514,919,20,766,1145,1638,1006,32,718,1211,1770,1063,10,761,1157,1691,1037,36,715,1117,1522,994,11,723,1356,1877,1085,10,691,1251,1738,1018,17,737,1175,1686,1062,10,613,989,1341,846,15,591,1004,1384,873,19,645,1175,1624,953,12,585,954,1368,834,22,470,745,1025,639,12
"February","90 km per hour",12014,20099,28562,17658,503,562,878,1299,811,33,478,804,1177,762,29,634,1125,1631,959,32,645,1104,1608,1000,43,521,865,1220,784,9,576,988,1437,904,32,529,819,1176,777,24,616,1007,1431,912,15,563,884,1325,813,26,624,1043,1467,929,28,539,887,1238,801,17,494,760,1141,742,24,543,905,1346,806,22,484,754,1093,711,25,522,795,1121,733,15,463,785,1053,661,21,509,909,1231,732,17,574,883,1206,780,18,470,802,1133,671,14,449,727,1014,622,17,520,1151,1536,766,18,403,702,971,580,10,296,522,708,402,14
"February","100 km per hour",19116,33789,47595,26773,445,731,1205,1802,1067,25,747,1258,1795,1065,23,882,1520,2221,1273,25,779,1279,1906,1127,20,879,1586,2224,1252,14,821,1367,1948,1192,18,798,1318,1842,1081,31,862,1713,2416,1343,28,1045,1802,2536,1418,17,1096,1778,2502,1473,17,684,1156,1652,953,16,753,1322,1806,1048,14,990,1760,2450,1374,25,665,1114,1570,904,27,874,1507,2116,1224,16,830,1603,2214,1187,14,1166,2146,2992,1610,26,917,1561,2160,1233,18,808,1435,1971,1102,17,858,1610,2139,1180,22,759,1584,2197,1096,10,702,1350,2043,954,14,470,815,1093,617,8
"February","110 km per hour",1140,1515,2571,1668,38,32,44,78,41,0,23,26,45,33,0,32,39,75,58,1,33,37,67,54,0,13,17,27,25,0,62,97,161,116,1,38,49,91,69,4,59,90,139,91,4,68,85,151,82,1,70,86,135,84,3,56,77,126,76,2,43,53,84,59,0,101,151,255,138,4,46,58,134,71,4,99,121,195,129,3,53,82,132,80,1,45,57,96,61,0,45,57,97,65,3,51,71,114,72,2,42,53,91,68,2,36,47,84,59,2,41,55,98,67,0,52,63,96,70,1
"February","Choice is other than the preceding values",349,490,765,489,10,19,29,41,25,0,21,25,44,27,1,16,23,34,19,0,9,13,22,14,0,19,29,42,20,0,19,25,48,28,0,7,8,10,7,1,11,12,17,12,0,17,20,28,18,0,6,6,11,8,0,3,5,6,4,0,6,9,11,7,0,4,5,7,5,0,8,13,15,9,0,10,11,15,11,0,5,9,13,7,0,21,26,46,29,2,20,22,34,29,0,26,35,48,30,0,31,61,99,56,2,25,37,61,43,1,24,34,57,41,2,22,33,56,40,1
"February","Unknown",15499,26689,37884,19425,158,731,1225,1739,917,13,805,1408,1968,1047,17,818,1454,2022,1054,3,747,1286,1789,967,10,832,1483,2024,1068,14,746,1331,1759,938,4,715,1197,1618,846,14,764,1282,1759,950,5,745,1302,1819,934,9,785,1351,1919,980,7,722,1244,1778,906,9,664,1135,1624,838,7,772,1342,1934,958,9,638,1083,1565,780,5,565,959,1382,697,5,586,1038,1531,759,3,603,1055,1524,735,5,525,870,1261,649,3,524,875,1284,644,1,631,1097,1623,816,2,662,1118,1660,809,3,563,970,1422,702,2,356,584,880,431,8
"February","Jurisdiction does not provide this data element",26741,48982,70807,35780,475,1213,2262,3447,1729,14,1390,2636,3854,1894,17,1435,2743,4047,2062,24,1506,2771,4207,2144,20,1556,2909,4300,2168,20,1371,2425,3724,1902,27,1171,2138,3164,1546,36,1299,2334,3448,1767,42,1532,2793,4044,2009,21,1365,2497,3647,1915,20,1088,1951,2825,1411,18,912,1607,2331,1204,18,1101,1917,2774,1446,16,1005,1812,2549,1290,17,1017,1736,2433,1283,25,1043,1879,2658,1317,26,1050,1916,2742,1348,18,819,1499,2129,1044,14,910,1647,2283,1161,19,1171,2291,3174,1607,16,1120,2121,2849,1400,17,953,1780,2415,1222,19,714,1318,1763,911,11
"March","Total",206982,373041,544104,285593,3242,10885,19772,29408,15548,219,10283,18569,27743,14672,174,11091,20258,30088,15983,172,12192,22051,32919,17344,183,11212,20655,30435,16095,167,10161,18122,26485,14263,151,10327,18717,27285,14366,193,10251,18364,26659,14077,203,10087,18154,26896,13930,172,9340,16780,24750,12986,150,8521,15107,22461,11631,134,8085,14384,21470,11094,135,8960,16027,23274,11974,133,9033,16139,23261,12146,152,8410,15185,22127,11430,103,8414,15182,21769,11387,93,8183,14928,21534,11116,75,7964,14286,20598,10753,133,8065,14636,20529,10709,121,7805,14035,19947,10499,115,7192,12967,18439,9660,95,5121,8962,12573,6836,84,5400,9761,13454,7094,85
"March","Less than 40 km per hour",2496,3993,6081,3000,20,120,196,312,154,1,128,199,310,163,2,116,189,286,142,1,131,213,335,156,3,135,217,324,171,1,124,216,332,145,2,113,184,265,139,0,113,177,254,134,1,91,148,239,107,0,94,157,230,115,1,108,160,276,133,0,102,147,242,122,0,84,133,213,103,2,88,133,211,103,1,71,115,189,81,0,85,136,194,105,1,88,138,204,101,1,119,186,308,147,1,121,187,266,138,0,132,210,305,152,2,121,195,287,140,0,105,179,255,130,0,107,178,244,119,0
"March","40 km per hour",4626,7846,12292,5758,26,157,263,431,206,0,176,298,478,224,0,188,326,512,242,0,210,364,565,278,1,183,306,484,243,1,178,308,478,231,0,180,301,473,224,3,214,361,546,278,1,197,334,529,250,0,160,279,481,210,1,188,315,500,215,3,196,316,527,256,0,247,420,647,314,0,223,387,565,270,3,244,419,689,294,1,192,320,604,223,1,209,356,529,259,2,215,346,536,244,1,195,334,506,234,1,253,437,680,319,0,238,417,616,293,3,180,297,433,219,2,203,342,483,232,2
"March","50 km per hour",78546,146491,215477,106354,560,4461,8418,12518,6178,37,4305,8095,11961,5932,35,4303,8160,12292,6120,25,4658,8751,13189,6480,23,4435,8458,12391,6235,38,3905,7305,10621,5368,25,4020,7632,11088,5419,35,3818,7127,10436,5157,34,3700,6762,10217,4986,23,3437,6452,9610,4658,27,3234,5960,8902,4372,24,3247,5979,8996,4432,24,3163,5879,8727,4129,30,3456,6410,9376,4515,26,3145,5881,8655,4205,13,3137,5882,8488,4214,10,3164,5892,8556,4228,13,3063,5646,8236,4076,24,2862,5256,7562,3757,25,2674,4873,7006,3501,28,2558,4715,6823,3436,19,1816,3310,4699,2370,11,1985,3648,5128,2586,11
"March","60 km per hour",22495,43680,63485,32430,186,1172,2382,3621,1781,15,1208,2410,3624,1850,7,1150,2233,3403,1734,8,1169,2270,3337,1730,14,1135,2236,3265,1677,7,1095,2127,3140,1563,10,1025,1989,2917,1468,6,1039,2069,2974,1496,15,1044,2012,3001,1500,15,890,1707,2554,1282,4,927,1798,2715,1376,8,952,1864,2902,1397,9,904,1720,2538,1269,8,1063,2076,2871,1470,8,957,1867,2667,1364,5,894,1716,2401,1237,1,951,1829,2570,1340,5,1006,1920,2733,1436,14,946,1821,2472,1327,7,1000,1922,2724,1419,8,848,1596,2212,1176,4,565,1047,1429,787,3,555,1069,1415,751,5
"March","70 km per hour",9381,17603,24529,13499,184,412,760,1053,597,9,380,708,977,540,18,417,797,1095,653,8,501,938,1287,737,11,430,844,1190,671,11,431,802,1109,613,6,476,878,1199,694,13,436,774,1079,631,17,468,910,1320,682,6,517,959,1380,757,15,373,676,958,512,4,407,770,1109,596,5,422,808,1115,590,12,428,801,1109,628,4,413,765,1085,600,8,374,703,1005,541,4,419,800,1127,579,5,390,757,1035,550,7,384,738,1011,520,3,376,717,986,533,4,369,681,938,509,7,245,435,584,340,3,313,582,778,426,4
"March","80 km per hour",17431,27845,40676,25482,648,994,1573,2410,1538,51,865,1280,2009,1327,37,1075,1732,2649,1660,28,1137,1734,2623,1665,47,945,1540,2297,1433,28,866,1335,1977,1318,31,948,1555,2315,1423,45,887,1374,2017,1270,38,987,1657,2368,1428,37,822,1342,1989,1254,35,627,954,1392,873,23,578,901,1288,796,23,691,1113,1565,951,17,742,1181,1706,1071,32,666,1060,1484,923,24,667,1097,1605,996,16,579,974,1423,858,9,621,1008,1401,896,19,676,1087,1532,931,30,578,909,1242,789,19,565,915,1247,772,19,423,677,942,606,17,492,847,1195,704,23
"March","90 km per hour",11243,18197,26487,16745,448,589,892,1334,881,35,484,746,1165,770,19,527,860,1220,778,22,744,1175,1816,1178,28,569,936,1424,910,29,614,971,1455,926,28,574,965,1440,910,37,584,900,1350,843,25,619,1064,1597,946,27,611,1038,1481,914,17,404,620,898,576,16,411,627,886,564,24,490,807,1150,718,19,459,688,1053,701,18,422,683,968,607,12,494,833,1169,713,13,455,859,1241,714,8,435,699,932,615,14,434,712,961,567,18,403,631,887,581,19,365,591,854,548,4,279,441,617,413,10,277,459,589,372,6
"March","100 km per hour",16757,29014,41610,23994,494,794,1326,2006,1188,35,609,1038,1555,917,21,943,1599,2364,1399,34,881,1557,2358,1309,29,812,1429,2084,1158,22,881,1433,2104,1305,22,866,1432,2105,1284,16,822,1366,1972,1143,28,900,1507,2165,1283,25,875,1478,2140,1217,19,614,1017,1446,858,17,543,946,1355,797,17,855,1474,2069,1186,27,677,1151,1639,963,16,741,1245,1738,1017,21,814,1418,1941,1141,18,656,1146,1698,941,9,714,1310,1825,995,25,760,1497,1997,1098,9,587,1083,1473,845,20,618,1134,1645,879,21,403,653,888,542,23,392,775,1043,529,20
"March","110 km per hour",1355,1768,2910,1919,39,18,19,30,24,1,23,27,48,36,0,31,38,68,59,0,40,49,92,60,1,51,61,102,77,0,71,97,151,107,4,65,72,115,88,4,70,78,124,95,0,50,61,120,74,2,74,97,162,105,3,99,125,204,142,1,53,68,137,71,7,83,97,146,109,1,70,91,148,94,4,101,134,217,137,1,66,89,159,85,2,53,74,124,75,4,71,106,177,110,0,68,105,162,97,1,59,78,119,80,0,43,55,83,58,1,44,60,88,59,0,52,87,134,77,2
"March","Choice is other than the preceding values",283,391,634,374,4,26,40,60,31,0,17,21,32,18,2,13,20,36,21,0,11,17,27,12,0,23,29,45,27,0,20,30,46,25,0,6,8,12,6,0,8,12,16,8,0,11,17,20,11,0,8,12,19,11,0,7,9,16,11,0,1,1,1,0,1,2,4,7,3,0,9,11,14,9,0,6,6,10,7,0,7,10,11,7,0,26,34,54,38,0,23,27,43,33,1,26,32,57,48,0,9,10,15,12,0,5,10,24,7,0,9,15,31,11,0,10,16,38,18,0
"March","Unknown",15255,25982,37431,19302,151,772,1328,1879,1017,7,749,1254,1860,966,9,875,1543,2165,1147,19,877,1508,2135,1158,5,822,1424,1948,1048,10,663,1147,1540,842,9,706,1241,1712,893,13,771,1317,1806,992,14,696,1252,1788,879,10,702,1184,1678,886,3,698,1184,1759,887,9,664,1108,1640,831,6,802,1367,1946,994,4,750,1265,1825,922,2,564,940,1396,718,3,559,966,1429,712,2,594,1007,1493,731,5,512,873,1309,623,5,569,931,1346,694,7,569,929,1413,705,3,580,965,1452,711,3,410,669,1039,519,3,351,580,873,427,0
"March","Jurisdiction does not provide this data element",27114,50231,72492,36736,482,1370,2575,3754,1953,28,1339,2493,3724,1929,24,1453,2761,3998,2028,27,1833,3475,5155,2581,21,1672,3175,4881,2445,20,1313,2351,3532,1820,14,1348,2460,3644,1818,21,1489,2809,4085,2030,30,1324,2430,3532,1784,27,1150,2075,3026,1577,25,1242,2289,3395,1676,29,931,1657,2387,1232,19,1217,2205,3151,1608,13,1068,1945,2744,1400,38,1080,2070,3029,1477,15,1125,2012,2763,1413,25,989,1819,2515,1252,14,795,1408,2063,1028,22,1024,1936,2657,1298,20,1165,2236,3097,1563,12,882,1693,2258,1131,14,642,1179,1568,840,12,663,1178,1534,853,12
"April","Total",194556,349414,506486,266778,3448,10427,19141,28359,15073,190,10921,19702,29631,15755,216,10012,18389,27573,14601,171,10436,18876,27791,14734,181,10180,18175,26646,14239,197,9557,17173,25061,13312,179,10354,18555,26733,14214,189,10110,18159,26196,13867,213,9372,16579,24443,12909,201,8617,15391,22248,11647,166,8766,15714,22949,11862,155,9008,16240,23918,12180,129,7907,14020,20813,10778,125,8311,14770,21339,11135,137,8009,14320,20351,10640,107,6928,12526,17779,9251,97,7748,14003,20104,10445,116,8057,14484,20311,10755,152,7551,13715,19273,10077,117,7208,12910,18145,9580,135,6741,12160,17165,9002,97,3251,5403,7517,4108,79,5085,9009,12141,6614,99
"April","Less than 40 km per hour",2600,4129,6112,3096,29,130,209,308,148,3,143,228,355,177,3,132,216,317,174,0,123,190,308,155,1,130,206,302,149,3,124,192,287,152,0,120,197,297,147,0,125,185,281,136,1,107,169,260,132,0,98,152,222,110,1,112,181,260,143,1,113,176,273,130,1,87,138,213,101,0,93,148,221,104,3,104,160,227,123,0,91,144,199,99,1,102,156,225,122,1,97,146,205,112,2,115,183,254,128,2,126,213,301,150,2,135,224,336,175,1,69,112,163,82,2,124,204,298,147,1
"April","40 km per hour",4919,8422,12652,6110,35,183,322,493,233,2,189,320,543,266,1,200,330,511,250,0,200,347,547,260,4,200,339,505,249,1,200,319,501,260,3,199,341,519,262,1,233,409,606,297,2,182,305,495,240,1,232,393,603,280,1,225,375,583,265,2,240,409,659,311,0,225,370,578,275,1,255,451,661,320,1,239,419,639,283,1,178,314,449,221,0,247,442,626,308,2,227,392,565,265,1,244,409,616,289,4,228,384,529,271,2,270,463,678,337,1,108,180,246,120,0,215,389,500,248,4
"April","50 km per hour",77329,145090,210962,104397,538,4462,8482,12454,6207,32,4554,8652,12907,6425,30,4130,7928,11778,5912,24,4399,8300,12328,6113,28,4113,7734,11359,5632,37,3975,7559,10978,5445,28,4232,7949,11485,5702,24,4043,7593,10952,5494,42,3656,6782,9963,4936,31,3402,6382,9164,4510,28,3543,6662,9784,4713,23,3579,6737,9921,4742,19,3020,5594,8400,4066,22,3230,6054,8728,4275,22,3113,5822,8377,4063,14,2725,5110,7322,3615,19,3032,5668,8239,4020,16,3105,5770,8188,4078,24,2827,5286,7523,3756,25,2532,4665,6588,3282,9,2406,4451,6310,3196,12,1285,2291,3246,1637,14,1966,3619,4968,2578,15
"April","60 km per hour",22004,43385,63610,31935,211,1190,2467,3698,1825,11,1307,2636,4058,1988,10,1104,2221,3443,1724,11,1040,2109,3144,1607,14,939,1867,2708,1407,12,1089,2123,3120,1576,8,1097,2190,3310,1664,14,1148,2248,3304,1622,8,1018,1983,3014,1501,13,872,1687,2493,1242,9,1049,2039,3046,1517,6,1039,2038,3151,1462,7,921,1828,2733,1333,5,988,1941,2820,1433,10,1019,2031,2868,1418,9,803,1579,2195,1133,4,973,1869,2665,1383,9,945,1829,2500,1322,19,1011,2003,2733,1385,8,940,1802,2585,1342,7,794,1526,2183,1088,7,282,537,731,379,3,436,832,1108,584,7
"April","70 km per hour",8563,15941,22212,12368,195,395,729,1021,586,6,391,719,1011,606,11,346,699,1028,564,10,399,747,1001,576,4,402,749,1070,613,6,408,793,1134,615,9,431,804,1091,620,19,436,806,1106,628,16,444,796,1106,627,13,351,662,930,517,5,428,809,1130,594,20,477,892,1288,711,13,413,740,1079,542,8,403,746,1029,542,4,390,732,983,528,11,304,582,873,439,6,332,606,828,481,8,373,689,927,542,7,329,618,842,459,7,338,639,869,492,2,339,638,849,477,3,156,247,336,207,6,278,499,681,402,1
"April","80 km per hour",16195,24998,36281,23339,699,933,1432,2224,1507,39,1008,1515,2334,1512,49,879,1372,2149,1354,37,879,1293,1888,1289,43,927,1400,2088,1385,37,807,1220,1758,1177,36,890,1349,1980,1293,42,796,1242,1810,1167,40,765,1134,1693,1060,41,662,1019,1497,946,29,698,1085,1551,981,27,691,1058,1538,980,25,648,1019,1533,963,26,737,1094,1589,990,25,643,990,1362,902,28,523,833,1162,713,24,578,936,1298,825,23,686,1066,1482,946,30,627,1030,1367,862,23,591,961,1336,823,21,502,844,1154,730,15,300,431,571,363,15,425,675,917,571,24
"April","90 km per hour",10441,15603,22617,15048,558,508,787,1183,793,48,622,878,1360,926,54,431,656,1008,687,19,543,813,1214,780,35,577,856,1277,860,28,469,695,983,665,29,590,877,1234,831,30,565,853,1259,829,32,594,878,1322,882,40,462,683,997,677,27,406,609,865,569,21,479,704,1013,691,19,474,684,1030,709,18,431,614,861,592,26,422,619,876,603,11,346,521,696,470,12,398,610,917,559,17,446,687,967,635,21,389,592,826,542,8,404,648,892,554,24,364,569,799,501,16,192,263,366,249,6,329,507,672,444,17
"April","100 km per hour",14181,24577,35149,20325,445,673,1193,1825,1057,27,710,1175,1722,1058,23,631,1074,1576,915,29,680,1170,1664,991,19,833,1402,2059,1223,30,634,1025,1508,883,25,745,1253,1762,1026,18,680,1172,1637,931,22,692,1211,1768,1008,18,668,1179,1633,950,23,635,1074,1553,933,22,612,1039,1492,860,22,573,980,1423,831,15,603,1048,1548,902,15,653,1096,1519,897,10,506,892,1289,719,7,568,1042,1445,821,12,694,1282,1809,994,19,643,1190,1700,922,12,678,1209,1690,959,32,547,1003,1404,773,17,212,315,437,282,17,311,553,686,390,11
"April","110 km per hour",787,1016,1666,1082,27,9,13,24,17,0,24,30,54,37,1,30,37,59,45,1,22,26,36,26,0,16,18,29,27,0,39,45,73,60,3,30,36,52,41,2,27,35,68,44,2,62,79,134,88,1,44,55,83,57,1,25,31,55,45,0,49,65,114,61,2,43,55,96,59,1,52,72,131,75,4,56,76,116,68,2,36,45,73,48,3,34,45,74,47,1,29,36,53,37,1,27,40,68,39,0,37,55,84,42,1,33,41,65,40,0,36,47,74,46,1,27,34,51,33,0
"April","Choice is other than the preceding values",250,351,544,322,8,20,31,47,24,1,9,9,17,10,2,14,21,32,16,0,14,17,29,15,0,23,30,45,25,0,15,20,34,21,1,10,14,22,14,1,15,24,34,18,0,14,20,27,17,0,5,7,14,8,0,5,7,9,5,0,1,2,2,1,0,2,3,5,2,0,4,6,7,4,0,9,16,22,15,0,2,3,4,3,0,20,25,40,31,0,21,26,32,23,0,22,36,78,40,1,15,21,28,20,2,4,6,7,4,0,2,2,3,2,0,4,5,6,4,0
"April","Unknown",14045,23525,33679,17470,178,760,1302,1874,1001,5,718,1211,1760,975,11,765,1317,1871,1005,13,751,1280,1758,968,6,740,1240,1730,905,20,624,1093,1510,796,8,741,1223,1664,895,12,761,1271,1749,943,15,636,1052,1497,773,14,618,1021,1480,762,8,703,1164,1684,859,10,718,1223,1750,878,6,633,1058,1499,774,5,619,995,1482,741,4,502,816,1169,615,4,501,817,1207,622,3,536,917,1353,643,6,536,909,1333,654,5,482,803,1158,576,3,501,830,1229,611,10,576,964,1427,703,4,280,445,683,348,2,344,574,812,423,4
"April","Jurisdiction does not provide this data element",23242,42377,61002,31286,525,1164,2174,3208,1675,16,1246,2329,3510,1775,21,1350,2518,3801,1955,27,1386,2584,3874,1954,27,1280,2334,3474,1764,23,1173,2089,3175,1662,29,1269,2322,3317,1719,26,1281,2321,3390,1758,33,1202,2170,3164,1645,29,1203,2151,3132,1588,34,937,1678,2429,1238,23,1010,1897,2717,1353,15,868,1551,2224,1123,24,896,1601,2262,1157,23,859,1543,2193,1125,17,913,1686,2310,1169,18,928,1687,2394,1205,21,898,1652,2250,1147,23,835,1525,2108,1079,24,818,1483,2014,1034,23,771,1431,1953,978,21,329,533,661,393,13,626,1118,1442,790,15
"May","Total",233755,423581,608990,319916,4310,12904,23626,35425,18518,266,12403,22927,33538,17712,232,12416,22828,33538,17641,226,12163,22300,32606,17233,226,12112,22048,32127,17080,235,11416,20648,30200,16015,219,11648,21034,30439,16133,240,11970,21593,31176,16493,216,11371,20443,29170,15347,229,9995,17874,26168,13580,193,9995,17817,25835,13532,160,10587,19151,28216,14652,183,9403,16978,24709,12651,145,10249,18637,26674,13726,175,9896,18061,25441,13248,175,8557,15632,22089,11484,149,9585,17326,24342,12690,150,9610,17483,24654,12965,168,9302,16980,23806,12529,137,8927,16209,22377,11850,162,7863,14190,19616,10340,135,5095,8694,11870,6504,130,6288,11102,14974,7993,159
"May","Less than 40 km per hour",3365,5424,7873,3963,38,185,312,444,230,3,197,325,490,247,3,164,271,385,198,2,143,231,329,176,0,160,257,378,196,4,163,253,397,200,0,151,229,351,182,3,167,267,386,191,1,163,263,373,184,0,125,190,331,145,2,107,168,267,134,2,138,218,328,159,0,121,203,285,151,1,118,199,287,139,4,111,182,281,139,0,105,176,240,125,1,136,216,295,154,1,124,192,269,134,2,160,252,353,177,2,153,244,345,174,1,168,281,382,188,3,129,203,282,144,2,177,292,395,196,1
"May","40 km per hour",6174,10665,15538,7580,41,273,474,731,371,4,251,439,666,317,0,275,485,725,357,2,262,462,708,342,1,205,358,542,252,5,267,462,695,345,0,226,373,565,274,1,225,381,598,290,3,239,400,583,284,0,235,421,604,284,2,247,443,670,308,3,252,451,641,303,1,296,499,768,335,3,300,514,743,368,0,372,641,901,448,2,218,382,529,259,1,303,513,738,372,2,306,540,766,366,0,268,444,691,323,3,331,566,823,419,1,318,533,740,368,2,175,297,373,199,0,330,587,738,396,5
"May","50 km per hour",93880,177766,255022,125838,682,5539,10582,15632,7638,37,5282,10198,14983,7355,35,5308,10164,14792,7380,23,5044,9678,14143,6993,33,5183,9980,14509,7184,23,4866,9298,13435,6646,38,4700,8837,12628,6297,36,4758,9066,12987,6397,40,4647,8775,12420,6156,36,4052,7533,10937,5354,29,4057,7625,11046,5403,24,4186,7904,11572,5634,31,3760,7077,10305,4942,28,4156,7848,11247,5513,22,3989,7489,10656,5239,33,3299,6314,8968,4342,25,3701,6947,9758,4814,24,3629,6899,9684,4853,27,3522,6603,9287,4690,22,3327,6217,8597,4266,31,2774,5177,7196,3630,28,1811,3289,4450,2251,32,2290,4266,5790,2861,25
"May","60 km per hour",25970,51419,75084,37815,292,1393,2789,4391,2144,14,1374,2777,4146,2118,9,1329,2685,4066,1995,20,1337,2655,4005,1994,23,1183,2364,3423,1768,11,1182,2362,3516,1813,19,1274,2552,3791,1928,9,1348,2681,3879,1980,12,1214,2367,3506,1718,18,1061,2111,3216,1544,17,1089,2113,3159,1552,12,1177,2328,3670,1799,14,1049,2099,3088,1504,4,1269,2520,3557,1740,13,1187,2388,3318,1689,6,917,1820,2628,1292,7,1106,2141,3082,1564,10,1164,2316,3254,1663,10,1174,2319,3187,1679,7,1118,2185,2992,1570,12,959,1858,2539,1337,12,474,889,1197,647,10,592,1100,1474,777,23
"May","70 km per hour",10813,20290,28186,15607,180,484,924,1315,732,17,480,914,1249,721,12,473,926,1312,737,6,485,929,1273,702,11,485,928,1270,703,8,503,944,1366,743,18,535,985,1451,819,11,575,1047,1443,814,13,497,922,1290,736,7,437,802,1106,641,5,510,955,1307,713,7,568,1063,1503,843,8,469,857,1212,660,5,514,966,1331,731,6,469,878,1212,658,3,437,840,1151,642,4,422,788,1116,599,5,438,826,1119,630,6,479,909,1227,655,6,458,876,1181,637,3,418,796,1099,587,2,316,549,733,417,10,361,666,920,487,7
"May","80 km per hour",20254,31699,46302,29461,906,1186,1851,2876,1843,55,1100,1710,2572,1706,45,1069,1662,2526,1604,62,1042,1627,2407,1578,51,1022,1560,2405,1573,53,996,1554,2332,1522,47,1083,1678,2486,1561,61,1075,1689,2458,1586,38,971,1467,2151,1387,38,868,1339,2083,1301,54,898,1336,1964,1260,31,930,1439,2179,1362,37,766,1227,1797,1125,36,860,1399,1995,1193,33,792,1284,1761,1110,26,744,1173,1674,1066,24,805,1274,1774,1108,25,811,1283,1815,1160,38,798,1303,1787,1094,28,709,1147,1599,1035,35,636,1038,1430,857,31,510,762,1037,683,24,583,897,1194,747,34
"May","90 km per hour",11803,17966,25776,16969,635,662,1012,1552,1056,47,606,951,1400,910,49,532,811,1233,789,32,637,1014,1474,962,38,673,988,1456,978,28,613,913,1309,880,35,564,851,1222,822,39,635,953,1397,919,32,558,845,1216,806,45,526,789,1135,743,30,520,768,1153,793,16,590,902,1297,829,36,451,671,947,619,19,476,708,1000,681,25,446,725,1023,664,19,430,607,837,608,21,468,701,969,622,20,503,757,1033,681,25,453,715,1034,622,16,394,606,837,544,20,422,669,890,576,17,296,459,637,396,11,348,551,725,469,15
"May","100 km per hour",15661,27779,39864,22500,551,770,1352,2052,1157,36,684,1195,1702,1009,31,670,1167,1695,976,32,743,1299,1885,1081,25,713,1213,1732,1009,34,737,1210,1816,1061,21,768,1335,1968,1117,27,741,1277,1915,1086,24,763,1325,1923,1096,36,635,1125,1637,905,12,678,1163,1649,960,18,705,1275,1878,1086,12,656,1159,1772,973,22,691,1193,1743,954,37,642,1169,1651,932,27,631,1175,1649,905,25,738,1396,1920,1055,18,746,1387,1946,1068,15,747,1426,1973,1071,20,714,1363,1851,1015,25,619,1146,1563,852,16,387,610,827,502,15,483,819,1117,630,23
"May","110 km per hour",976,1260,2030,1359,52,17,18,30,23,1,30,37,62,42,3,23,29,44,33,1,24,28,42,33,2,39,46,69,58,0,46,59,82,58,3,41,53,87,62,3,65,82,177,99,3,45,52,85,63,3,65,80,137,101,4,61,81,129,91,5,51,60,102,70,6,40,61,99,59,0,44,58,92,61,3,52,66,111,74,4,46,62,100,60,2,47,68,95,59,3,51,74,121,74,0,43,58,85,52,2,48,65,96,64,1,35,45,73,46,1,30,36,53,37,1,33,42,59,40,1
"May","Choice is other than the preceding values",284,403,582,373,14,31,54,74,41,0,22,29,44,23,4,11,14,22,14,0,13,18,26,15,0,21,30,41,24,2,9,12,16,10,0,13,15,20,14,1,8,10,13,8,1,14,27,32,16,0,5,7,7,5,0,6,8,11,8,0,8,13,17,9,0,3,5,11,5,0,7,10,12,7,0,4,5,11,6,0,4,7,7,5,0,24,31,48,31,1,21,30,46,30,1,12,14,21,17,1,10,13,17,13,0,14,19,31,25,1,11,14,26,23,1,13,18,29,24,1
"May","Unknown",17291,29070,41288,21663,264,944,1575,2267,1219,15,918,1576,2155,1191,17,969,1648,2253,1258,14,952,1579,2223,1232,8,885,1481,2030,1113,30,765,1280,1729,960,14,822,1401,1877,1032,14,881,1441,2019,1117,13,816,1379,1923,1031,14,730,1219,1704,899,8,733,1235,1768,929,13,887,1506,2144,1083,9,786,1334,1877,969,11,750,1282,1895,927,7,667,1127,1615,819,11,579,1002,1451,711,4,693,1172,1701,836,16,724,1217,1777,896,9,637,1087,1598,803,7,651,1058,1578,809,10,661,1079,1604,799,7,412,665,1031,493,6,429,727,1069,537,7
"May","Jurisdiction does not provide this data element",27284,49840,71445,36788,655,1420,2683,4061,2064,37,1459,2776,4069,2073,24,1593,2966,4485,2300,32,1481,2780,4091,2125,34,1543,2843,4272,2222,37,1269,2301,3507,1777,24,1471,2725,3993,2025,35,1492,2699,3904,2006,36,1444,2621,3668,1870,32,1256,2258,3271,1658,30,1089,1922,2712,1381,29,1095,1992,2885,1475,29,1006,1786,2548,1309,16,1064,1940,2772,1412,25,1165,2107,2901,1470,44,1147,2074,2855,1469,35,1142,2079,2846,1476,25,1093,1962,2824,1410,35,1009,1850,2563,1346,23,1014,1869,2461,1304,23,839,1549,2069,1075,15,544,921,1224,712,18,649,1137,1464,829,17
"June","Total",261304,474168,681344,358959,4808,13462,24983,36972,19555,267,14268,26314,38468,20455,250,13447,24586,36215,19198,273,13777,25185,37213,19669,245,13463,24396,35940,19286,238,13023,23618,33898,18170,231,13463,24473,34853,18505,295,13290,24134,34704,18371,261,12617,22637,32695,17339,240,11284,20116,29226,15384,204,11530,20724,30000,15686,221,11502,20821,30849,15703,199,10708,19554,28174,14435,205,10949,19915,28528,14681,179,10326,18782,27042,13952,168,9561,17220,24419,12855,176,10482,19120,26918,14120,178,10586,19190,26890,14106,142,10182,18591,25743,13529,142,9745,17673,24745,13058,201,9158,16561,23136,12117,170,6788,11859,16166,8759,171,7693,13716,18550,10026,152
"June","Less than 40 km per hour",3652,6062,8503,4325,32,175,299,419,200,0,199,326,473,251,1,192,314,442,239,1,169,293,416,202,1,189,313,439,226,2,192,314,418,222,0,165,286,366,193,1,164,271,374,203,0,172,274,380,203,1,137,229,347,160,2,142,231,326,168,4,131,212,284,148,1,118,189,290,138,0,117,190,281,141,2,136,226,318,159,3,97,163,232,122,2,148,241,355,180,1,160,267,385,183,2,171,289,404,192,5,181,286,418,209,2,175,296,411,214,0,141,237,324,168,1,181,316,401,204,0
"June","40 km per hour",6948,12207,17751,8571,47,284,514,769,367,3,250,434,655,336,0,298,520,814,393,0,301,525,819,373,3,296,519,788,388,0,233,388,582,312,6,264,445,663,319,3,250,428,660,313,1,223,391,569,281,0,242,417,620,313,0,286,481,756,348,2,320,557,866,393,2,346,598,885,420,1,381,703,1018,477,1,327,580,819,405,1,245,427,615,286,2,340,593,821,398,3,322,571,802,381,4,323,569,808,382,0,381,707,944,461,3,364,640,929,446,6,279,492,636,321,3,393,708,913,458,3
"June","50 km per hour",103739,197354,281428,138934,730,5748,11154,16009,8012,35,6115,11845,17109,8494,37,5622,10734,15514,7734,29,5678,11012,16051,7806,43,5609,10674,15567,7747,42,5395,10340,14553,7297,40,5598,10713,15034,7489,50,5378,10266,14536,7229,46,4941,9368,13403,6643,26,4588,8634,12423,6112,34,4684,8875,12721,6210,39,4561,8642,12884,6161,27,4155,7960,11353,5411,38,4251,8102,11523,5514,27,4109,7775,11155,5447,28,3595,6801,9631,4735,18,4038,7645,10708,5319,24,3999,7520,10493,5201,17,3687,6959,9753,4874,13,3511,6528,9140,4565,31,3254,6048,8511,4197,29,2480,4593,6268,3159,34,2743,5166,7089,3578,23
"June","60 km per hour",27947,55719,80935,40922,289,1444,2995,4658,2286,15,1504,3074,4613,2322,12,1424,2904,4327,2157,18,1349,2699,4064,2068,13,1249,2517,3708,1931,15,1330,2719,3986,1962,7,1421,2873,4105,2075,10,1302,2645,3913,1955,10,1326,2558,3689,1878,20,1156,2252,3369,1668,18,1256,2477,3640,1802,9,1328,2665,4151,1978,11,1164,2280,3420,1688,7,1241,2490,3576,1769,9,1190,2389,3457,1712,8,1011,1987,2784,1437,13,1210,2395,3379,1776,9,1239,2479,3490,1754,8,1228,2465,3366,1736,12,1166,2284,3170,1654,23,1109,2133,2900,1545,8,629,1170,1509,852,16,671,1269,1661,917,18
"June","70 km per hour",12831,23580,33079,18494,258,519,954,1367,825,15,634,1208,1683,950,16,563,1050,1479,858,11,590,1111,1589,926,5,580,1055,1502,873,7,615,1127,1596,880,18,637,1185,1620,920,17,645,1219,1680,931,17,601,1102,1510,874,12,573,1056,1485,820,11,583,1039,1465,822,23,581,1068,1557,865,10,541,1031,1466,800,8,567,1059,1473,793,4,519,949,1336,729,11,531,982,1339,710,14,525,963,1384,772,6,520,973,1364,749,7,597,1084,1475,823,12,540,969,1365,735,7,532,980,1403,749,11,394,665,904,519,5,444,751,1037,571,11
"June","80 km per hour",23190,36459,54414,34332,1049,1285,2012,3205,2058,65,1294,2033,3111,2015,69,1223,1886,2938,1924,66,1258,1930,3030,2006,47,1260,1964,3025,1934,54,1231,1894,2899,1890,57,1203,1884,2817,1760,70,1183,1814,2828,1805,59,1214,1869,2819,1797,50,964,1461,2176,1390,38,990,1527,2228,1415,46,947,1485,2237,1365,40,889,1412,2075,1281,43,980,1542,2290,1443,38,835,1345,1984,1190,32,838,1314,1935,1247,37,879,1420,1977,1186,42,952,1538,2150,1289,34,869,1435,2003,1196,34,790,1307,1889,1156,26,797,1308,1808,1124,37,644,1015,1482,917,41,665,1064,1508,944,24
"June","90 km per hour",14112,21419,31335,20518,735,697,1096,1688,1105,38,670,1012,1489,997,30,675,1056,1583,998,51,720,1074,1645,1123,44,761,1134,1718,1184,30,734,1102,1653,1128,34,779,1156,1665,1137,51,754,1146,1632,1049,53,690,1026,1486,1006,31,635,939,1390,911,33,648,968,1448,965,32,634,912,1378,901,38,598,938,1425,887,42,594,863,1245,832,20,545,779,1145,766,17,527,788,1122,726,31,533,847,1187,760,27,526,818,1173,776,15,499,776,1135,701,17,553,864,1241,776,28,507,803,1093,673,29,380,591,797,487,27,453,731,997,630,17
"June","100 km per hour",18078,32003,46799,26415,607,776,1393,2168,1199,36,835,1423,2158,1304,36,740,1267,1931,1110,37,876,1489,2302,1303,26,828,1428,2238,1301,33,813,1361,2023,1201,22,863,1489,2183,1272,32,894,1559,2299,1321,21,830,1441,2154,1231,34,774,1341,1941,1148,28,785,1412,2120,1187,25,802,1423,2005,1101,28,768,1381,2036,1143,29,785,1377,2061,1152,28,761,1367,1989,1094,22,746,1341,1938,1114,20,824,1530,2199,1176,19,791,1454,2018,1113,24,859,1607,2167,1161,23,770,1463,2057,1140,28,800,1506,2143,1118,20,531,874,1221,703,16,627,1077,1448,823,20
"June","110 km per hour",1105,1376,2218,1586,54,16,20,29,24,1,25,27,50,40,0,24,30,48,32,0,32,39,74,60,3,42,56,87,64,1,45,50,78,68,0,50,67,113,78,3,52,63,102,76,1,63,75,148,94,5,53,65,112,86,5,64,81,136,98,1,54,66,104,77,3,63,75,123,84,5,61,77,127,89,6,64,84,139,92,3,64,83,122,80,2,48,61,95,63,2,56,78,117,76,3,56,70,104,73,2,50,63,97,69,6,40,47,69,53,1,40,49,69,55,0,43,50,75,55,1
"June","Choice is other than the preceding values",316,431,655,416,8,32,44,62,33,2,30,41,64,42,1,14,19,39,24,0,19,26,36,24,0,28,33,60,40,0,11,13,15,12,0,15,21,27,17,0,14,17,25,15,1,15,24,32,16,1,5,7,8,7,0,6,10,14,8,0,3,3,4,3,0,2,2,4,2,0,8,16,22,13,0,6,9,11,6,0,3,5,7,3,0,15,25,45,28,0,22,27,38,29,1,16,28,38,21,0,13,13,23,20,2,15,17,28,19,0,12,16,27,18,0,12,15,26,16,0
"June","Unknown",19183,32301,45241,23989,283,982,1667,2337,1276,20,1103,1876,2561,1404,17,998,1684,2399,1344,20,1109,1857,2532,1396,20,1061,1817,2473,1403,26,904,1511,2008,1118,17,961,1595,2152,1182,14,981,1660,2254,1223,22,937,1558,2206,1176,14,793,1284,1807,942,10,842,1409,1997,1046,11,926,1571,2218,1151,10,905,1553,2140,1098,8,755,1310,1919,943,8,667,1138,1678,834,8,667,1116,1602,815,6,712,1215,1707,886,3,788,1317,1822,961,4,706,1176,1664,874,5,718,1198,1749,883,12,659,1100,1586,792,12,531,902,1303,654,9,478,787,1127,588,7
"June","Jurisdiction does not provide this data element",30203,55257,78986,40457,716,1504,2835,4261,2170,37,1609,3015,4502,2300,31,1674,3122,4701,2385,40,1676,3130,4655,2382,40,1560,2886,4335,2195,28,1520,2799,4087,2080,30,1507,2759,4108,2063,44,1673,3046,4401,2251,30,1605,2951,4299,2140,46,1364,2431,3548,1827,25,1244,2214,3149,1617,29,1215,2217,3161,1560,29,1159,2135,2957,1483,24,1209,2186,2993,1515,36,1167,2141,3011,1518,35,1237,2213,3092,1580,31,1210,2185,3061,1576,42,1211,2148,3038,1594,23,1171,2133,2826,1496,19,1072,1991,2652,1390,33,906,1683,2255,1187,17,727,1255,1626,906,19,983,1782,2268,1242,28
"July","Total",266301,478127,708246,373095,5558,13807,25199,38750,20632,291,14055,25421,38889,20711,299,13562,24530,37140,19660,247,14039,25542,38763,20650,297,13481,24266,36623,19474,295,13299,23825,35579,19062,277,13450,24016,36034,19323,260,13290,23557,34788,18580,303,12566,22507,33664,17633,268,11476,20364,29873,15620,263,11175,19961,30057,15495,238,11558,20715,31593,16321,253,11100,19738,29442,15244,233,11275,20267,29693,15224,213,11154,20126,29303,15207,245,10330,18577,26916,14181,187,10845,19745,28536,14855,218,10534,18937,27680,14426,187,10301,18629,26960,14063,217,10062,17986,25653,13617,214,9487,17039,24273,12847,189,7652,13335,18667,9986,194,7803,13845,19370,10284,170
"July","Less than 40 km per hour",3509,5612,8087,4207,60,177,289,420,210,5,173,287,393,198,1,136,211,307,174,4,162,262,385,202,4,166,280,398,192,3,156,242,358,183,4,159,242,378,214,4,162,261,385,199,2,151,228,330,183,0,128,203,290,161,3,137,225,324,169,1,115,183,287,143,2,122,182,280,149,2,129,202,310,164,5,127,199,300,152,2,128,201,283,166,0,142,240,343,171,1,145,236,342,167,3,181,289,405,220,1,160,263,362,180,1,192,294,405,205,5,157,264,351,178,4,204,329,451,227,3
"July","40 km per hour",6740,11826,17245,8326,46,224,396,598,291,0,276,476,743,368,4,270,466,712,356,1,276,490,739,363,0,243,419,615,298,2,271,462,673,342,0,246,407,641,319,3,252,437,665,339,2,267,460,699,333,1,259,461,659,293,4,271,468,726,335,1,279,501,770,353,2,301,516,752,356,2,297,527,739,352,2,310,537,781,364,2,324,566,814,403,2,324,567,836,401,3,334,587,812,396,3,315,559,809,378,4,363,627,877,424,1,371,688,944,458,0,305,548,739,367,4,362,661,902,437,3
"July","50 km per hour",101729,192312,279031,137583,783,5567,10704,15965,7901,58,5686,10994,16291,8064,32,5427,10397,15434,7604,32,5681,10914,16101,7957,42,5434,10402,15199,7566,38,5201,9900,14265,7178,42,5257,9936,14500,7199,27,5077,9560,13678,6770,43,4821,9174,13500,6564,31,4580,8559,12415,6046,30,4265,8021,11815,5733,38,4381,8243,12325,5967,33,4184,7779,11300,5519,36,4332,8187,11750,5622,33,4268,8025,11577,5702,42,3828,7207,10334,5081,24,3915,7389,10480,5181,32,3773,7066,10138,4970,38,3655,6837,9607,4783,37,3624,6761,9535,4804,33,3309,6142,8749,4336,23,2729,5031,7020,3483,23,2735,5084,7053,3553,16
"July","60 km per hour",28139,55458,82982,41602,350,1407,2845,4547,2224,28,1402,2789,4360,2162,19,1410,2779,4213,2111,19,1363,2742,4219,2132,20,1358,2675,4206,2117,24,1405,2782,4313,2157,11,1299,2564,3905,1937,14,1219,2440,3641,1792,21,1290,2543,3867,1956,21,1122,2169,3207,1558,15,1263,2459,3808,1828,9,1258,2500,3980,1972,9,1091,2155,3292,1632,13,1294,2541,3757,1874,13,1421,2819,4074,2020,17,1151,2261,3281,1708,7,1264,2499,3557,1834,15,1257,2483,3617,1836,15,1186,2321,3382,1689,8,1104,2157,3010,1539,11,1077,2077,2901,1527,15,739,1381,1846,967,13,759,1477,1999,1030,13
"July","70 km per hour",13419,24346,35508,19721,269,590,1083,1624,941,23,621,1091,1648,972,14,567,1045,1496,852,9,659,1202,1785,1010,17,593,1084,1586,876,17,640,1149,1676,963,14,641,1140,1681,972,12,678,1214,1779,1026,8,596,1062,1532,860,12,526,945,1392,779,18,625,1142,1683,915,11,663,1229,1853,937,14,582,1067,1605,830,9,644,1159,1716,930,8,605,1107,1587,889,12,521,966,1397,756,13,573,1035,1544,822,5,549,999,1455,764,13,570,1086,1571,832,7,554,994,1425,816,13,549,975,1321,771,9,434,780,1066,607,3,439,792,1086,601,8
"July","80 km per hour",26246,41029,63629,39601,1156,1466,2269,3669,2384,55,1436,2237,3602,2316,63,1421,2185,3489,2246,60,1425,2224,3607,2292,71,1309,2005,3186,2032,51,1350,2071,3214,2017,63,1397,2163,3382,2169,60,1378,2088,3272,2084,61,1202,1839,2879,1794,52,1024,1593,2417,1498,51,1069,1643,2481,1566,39,1166,1846,2973,1770,50,1054,1682,2599,1557,55,1053,1630,2495,1559,43,1019,1630,2469,1459,54,963,1475,2233,1380,34,1043,1675,2497,1495,43,1003,1605,2422,1458,34,1073,1775,2741,1607,47,964,1555,2367,1434,51,893,1456,2081,1284,43,762,1160,1729,1102,45,776,1223,1825,1098,31
"July","90 km per hour",15920,24237,37038,24039,831,840,1314,2154,1392,52,857,1288,2056,1366,51,775,1200,1882,1214,47,813,1215,1991,1338,41,801,1175,1811,1231,48,799,1200,1891,1286,36,878,1310,2014,1405,41,858,1291,1922,1238,62,741,1140,1715,1104,39,676,987,1497,1001,45,694,1040,1646,1051,41,677,1024,1550,1004,43,692,1063,1623,1024,39,638,993,1509,915,23,609,934,1368,885,27,593,922,1380,902,23,632,1034,1569,924,35,625,973,1412,903,19,605,943,1405,897,23,595,884,1260,806,27,540,837,1244,809,22,465,688,1026,645,29,517,782,1113,699,18
"July","100 km per hour",19026,33425,52716,29032,793,927,1626,2638,1534,35,881,1470,2496,1413,48,807,1384,2294,1285,27,855,1461,2410,1385,48,835,1400,2301,1353,36,925,1567,2539,1461,44,982,1672,2801,1599,35,971,1589,2620,1525,46,926,1604,2546,1407,30,783,1364,2116,1127,32,747,1330,2113,1132,31,807,1422,2188,1212,42,849,1489,2418,1288,39,755,1330,2110,1124,37,782,1370,2182,1181,38,731,1342,2100,1093,26,886,1661,2491,1350,30,860,1578,2468,1298,20,887,1648,2458,1286,41,841,1543,2238,1223,34,796,1499,2257,1164,28,590,994,1413,777,20,603,1082,1519,815,26
"July","110 km per hour",1217,1654,2980,1924,53,29,35,69,53,0,39,44,78,60,5,25,28,58,42,0,27,32,54,41,2,47,53,83,67,2,52,71,129,86,1,49,60,99,74,3,52,68,131,81,2,80,102,200,116,3,71,89,159,117,4,62,81,156,104,3,76,93,177,123,5,79,104,193,125,1,65,89,151,92,8,55,74,152,96,4,57,78,118,75,2,68,126,222,125,1,56,90,162,84,1,43,63,99,58,2,51,74,141,88,2,47,71,134,83,1,48,72,125,76,0,39,57,90,58,1
"July","Choice is other than the preceding values",405,553,870,544,16,33,45,71,38,0,48,70,122,66,2,17,17,35,26,0,20,28,43,25,1,30,37,58,36,0,16,20,27,18,0,17,21,29,19,0,19,24,39,25,0,20,21,32,24,0,10,11,17,11,0,8,10,13,8,0,3,5,6,4,0,5,7,9,7,0,7,12,16,8,0,4,5,6,4,0,22,35,62,36,2,29,47,66,43,1,23,31,48,34,2,14,18,23,15,3,19,28,46,28,2,16,23,37,25,1,14,21,35,24,1,11,17,30,20,1
"July","Unknown",19221,32102,45941,24453,303,957,1611,2251,1259,7,1065,1803,2590,1415,15,1040,1714,2427,1327,12,999,1699,2346,1326,18,1039,1725,2462,1332,22,988,1645,2303,1285,13,970,1638,2273,1268,11,907,1513,2075,1150,21,879,1475,2112,1082,21,885,1488,2125,1130,20,846,1432,2099,1053,14,955,1604,2368,1235,14,884,1486,2105,1080,13,781,1284,1845,945,7,702,1148,1646,852,11,680,1146,1629,853,7,710,1188,1730,907,5,783,1285,1888,997,8,682,1146,1679,871,12,735,1218,1793,911,10,752,1235,1827,941,14,562,928,1336,687,15,420,691,1032,547,13
"July","Jurisdiction does not provide this data element",30730,55573,82219,42063,898,1590,2982,4744,2405,28,1571,2872,4510,2311,45,1667,3104,4793,2423,36,1759,3273,5083,2579,33,1626,3011,4718,2374,52,1496,2716,4191,2086,49,1555,2863,4331,2148,50,1717,3072,4581,2351,35,1593,2859,4252,2210,58,1412,2495,3579,1899,41,1188,2110,3193,1601,50,1178,2065,3116,1601,39,1257,2208,3266,1677,24,1280,2313,3295,1639,34,1252,2278,3161,1603,36,1332,2378,3285,1728,47,1259,2284,3201,1602,47,1126,2004,2916,1519,31,1090,1944,2781,1427,32,1052,1882,2599,1364,29,945,1742,2373,1244,28,847,1468,1981,1073,37,938,1650,2270,1199,37
"August","Total",268582,485254,717567,376669,5697,14003,25701,39107,20638,294,13949,25495,38335,20325,281,14289,25979,39155,20917,305,14561,26695,40363,21220,319,13503,24161,36701,19710,300,13294,23984,35865,18986,295,13462,24331,35923,19011,296,13493,24297,35852,18967,330,12683,22636,33833,17759,283,11828,21014,31220,16296,266,11672,20859,31536,16300,250,11436,20640,31600,16160,248,11107,20001,29526,15271,189,11305,20470,30171,15473,204,11126,20170,29724,15374,206,10418,18766,27522,14355,216,10456,18882,27564,14445,191,10659,19509,28153,14492,188,10135,18388,26300,13720,203,9635,17477,24781,13121,202,9342,16959,24201,12676,199,7918,14041,19607,10500,212,8308,14799,20528,10953,220
"August","Less than 40 km per hour",3324,5329,7694,3992,39,155,238,352,187,3,191,312,469,238,2,154,255,377,190,1,172,279,380,210,4,168,271,393,205,1,127,201,316,175,1,157,257,372,192,1,134,208,309,175,0,153,236,364,181,4,136,212,321,157,1,124,200,288,139,1,133,217,303,156,1,102,168,243,127,0,123,190,271,143,0,101,170,228,114,1,115,174,264,134,2,126,200,304,159,0,153,251,345,178,2,133,211,294,166,2,160,246,361,186,6,160,259,360,191,4,156,260,354,177,1,191,314,426,212,1
"August","40 km per hour",6748,11827,17111,8413,51,235,413,617,316,2,225,381,597,307,0,258,464,703,363,1,254,455,700,326,4,262,456,702,359,2,244,426,646,319,1,270,466,690,333,3,259,435,652,332,1,267,452,633,316,6,252,438,641,318,4,276,485,745,326,1,284,507,753,382,1,288,518,770,353,2,331,578,836,416,3,352,616,900,427,3,302,521,750,379,1,296,526,751,351,0,311,545,779,377,1,331,585,785,391,2,306,528,738,377,1,371,659,903,448,3,374,638,865,428,4,400,735,955,469,5
"August","50 km per hour",103250,195803,283800,139524,816,5767,11161,16412,8027,46,5622,10852,15863,7819,31,5796,11147,16374,8108,44,5850,11309,16571,8121,46,5427,10237,15250,7628,38,5371,10225,14793,7275,39,5274,10031,14457,7175,42,5190,9821,14147,7016,41,4886,9253,13446,6524,36,4616,8693,12734,6183,42,4490,8484,12572,6137,33,4420,8396,12746,6099,35,4150,7846,11405,5486,31,4234,7995,11595,5547,33,4230,7983,11625,5680,25,3980,7526,10820,5288,30,3864,7216,10345,5164,25,3970,7540,10725,5265,36,3652,6833,9571,4762,24,3519,6600,9294,4638,38,3271,6126,8563,4232,31,2745,5100,7069,3584,35,2926,5429,7423,3766,35
"August","60 km per hour",28373,55815,83895,41878,430,1458,2924,4624,2264,20,1339,2709,4197,2075,21,1393,2780,4263,2186,21,1445,2900,4569,2329,15,1252,2476,3785,1899,19,1321,2635,4104,2001,18,1344,2621,4074,2005,20,1410,2820,4288,2081,28,1228,2404,3664,1782,26,1190,2338,3532,1689,18,1246,2439,3865,1853,18,1240,2430,4013,1942,17,1156,2236,3343,1638,13,1304,2587,3777,1867,13,1273,2505,3580,1787,17,1170,2270,3292,1713,19,1208,2367,3459,1750,17,1304,2562,3705,1846,18,1228,2375,3408,1769,21,1118,2168,3051,1622,16,1139,2219,3084,1599,20,802,1527,2090,1078,20,805,1523,2128,1103,15
"August","70 km per hour",13426,24610,35625,19927,302,580,1090,1591,945,15,602,1102,1628,991,14,631,1154,1677,970,17,655,1242,1815,1026,18,553,1005,1470,855,13,694,1237,1818,1056,20,652,1181,1699,955,19,680,1251,1792,1011,21,624,1126,1641,933,21,569,1018,1508,842,16,694,1251,1839,1024,8,659,1239,1852,978,18,627,1174,1713,933,7,587,1072,1511,852,8,583,1062,1564,825,13,546,993,1440,808,13,554,1038,1498,814,10,517,961,1366,720,8,516,957,1323,703,9,490,915,1291,726,8,484,884,1249,688,6,454,809,1142,634,11,475,849,1198,638,9
"August","80 km per hour",26363,41674,64150,39701,1209,1464,2312,3751,2409,65,1574,2469,3921,2400,69,1415,2171,3464,2239,67,1519,2432,3827,2339,61,1384,2177,3485,2233,67,1406,2196,3421,2155,66,1274,1997,3066,1949,64,1307,2037,3131,1947,68,1293,1969,3079,1965,57,1173,1787,2753,1698,57,1096,1699,2680,1624,54,1040,1591,2450,1546,53,1058,1623,2573,1588,52,1099,1756,2750,1648,48,1087,1756,2692,1634,42,928,1481,2179,1319,43,991,1628,2466,1457,33,991,1602,2335,1395,37,976,1599,2341,1403,46,891,1470,2059,1272,31,849,1392,2102,1286,40,741,1211,1715,1046,48,807,1319,1910,1149,41
"August","90 km per hour",15788,24533,37361,23987,801,802,1243,1943,1277,40,822,1291,2018,1337,58,797,1252,1937,1286,47,858,1317,2083,1309,71,864,1337,2096,1383,42,822,1294,2059,1296,55,812,1241,1936,1284,32,804,1237,1867,1248,52,768,1201,1845,1174,42,714,1068,1636,1087,28,666,991,1571,1007,42,692,1086,1627,1038,38,615,979,1502,946,18,611,937,1409,930,17,634,1014,1528,915,29,625,972,1494,917,26,602,941,1381,882,24,593,956,1403,871,17,571,882,1302,806,26,565,882,1263,788,27,553,870,1271,792,24,490,770,1125,724,22,508,772,1065,690,24
"August","100 km per hour",19533,35139,55429,30110,754,911,1608,2649,1473,46,870,1542,2556,1431,35,916,1595,2667,1475,35,956,1690,2887,1584,33,907,1538,2566,1411,40,893,1537,2445,1395,35,961,1673,2610,1483,39,938,1603,2615,1486,52,971,1656,2708,1528,28,763,1319,2061,1150,29,828,1468,2234,1224,26,792,1396,2326,1230,29,816,1492,2226,1181,29,814,1519,2364,1237,31,825,1517,2342,1286,29,809,1463,2329,1261,34,868,1598,2457,1298,29,871,1688,2546,1301,19,860,1648,2529,1282,30,791,1506,2185,1168,22,781,1523,2389,1197,34,681,1236,1810,974,28,711,1324,1928,1055,42
"August","110 km per hour",1275,1709,3044,2033,99,25,30,51,41,1,29,31,65,41,4,30,34,83,64,4,34,38,64,56,1,39,48,78,60,6,59,72,113,92,5,45,61,109,71,4,65,83,140,101,8,62,77,152,115,4,89,108,197,142,4,67,79,151,104,6,71,92,163,107,6,62,87,148,94,3,72,95,167,103,5,72,96,165,111,4,54,89,165,90,4,78,114,200,124,6,60,95,153,91,4,50,80,143,94,4,67,96,186,107,1,57,78,142,91,4,45,64,113,67,6,43,62,96,67,5
"August","Choice is other than the preceding values",401,563,883,561,12,26,35,49,28,1,20,29,40,26,0,18,21,34,22,0,21,27,44,25,0,40,51,86,46,0,10,13,15,11,0,12,16,19,13,0,21,29,40,29,0,16,21,32,16,1,6,13,18,9,0,12,17,20,14,0,8,14,20,13,0,9,14,27,11,0,7,13,13,9,0,6,7,9,6,0,33,38,70,49,5,17,19,32,23,1,32,55,110,67,2,19,27,46,29,0,16,20,30,20,2,22,36,56,43,0,15,23,35,25,0,15,25,38,27,0
"August","Unknown",19676,33130,47552,24961,348,1018,1729,2489,1355,20,1098,1884,2622,1442,14,1088,1807,2591,1440,20,1115,1872,2602,1446,22,1030,1704,2389,1336,29,912,1557,2122,1160,18,1080,1873,2578,1390,19,991,1714,2317,1272,12,892,1464,2156,1116,17,938,1568,2216,1159,19,870,1445,2141,1089,21,947,1642,2381,1170,11,939,1594,2341,1230,8,834,1380,2091,1018,11,667,1112,1677,847,12,665,1121,1705,843,14,720,1189,1732,905,8,762,1313,1865,944,12,693,1175,1744,857,9,707,1201,1730,873,11,684,1157,1646,828,12,543,879,1301,654,19,483,750,1116,587,10
"August","Jurisdiction does not provide this data element",30425,55122,81023,41582,836,1562,2918,4579,2316,35,1557,2893,4359,2218,33,1793,3299,4985,2574,48,1682,3134,4821,2449,44,1577,2861,4401,2295,43,1435,2591,4013,2051,37,1581,2914,4313,2161,53,1694,3059,4554,2269,47,1523,2777,4113,2109,41,1382,2452,3603,1862,48,1303,2301,3430,1759,40,1150,2030,2966,1499,39,1285,2270,3235,1684,26,1289,2348,3387,1703,35,1296,2332,3414,1742,31,1191,2118,3014,1554,25,1132,2046,2939,1518,38,1095,1941,2821,1437,32,1106,2016,2814,1458,30,1005,1845,2593,1344,39,971,1756,2436,1281,21,872,1524,1988,1109,18,944,1697,2245,1190,33
"September","Total",260595,474475,678076,353961,5073,13343,24804,36418,19140,257,13767,25561,37812,19688,299,12881,23561,34710,18289,252,13822,25389,36814,19304,264,13042,23761,34411,18011,248,12815,23402,33258,17441,274,12746,23170,33085,17272,255,12729,23009,33267,17410,265,12326,22161,31973,16720,282,11155,20092,28813,14973,235,11467,20651,29867,15483,209,11197,20493,29555,15176,192,11055,19883,28559,14737,202,10974,20026,28464,14613,199,10926,19820,28542,14663,201,10503,19210,26814,13925,187,10300,18786,26227,13586,192,10574,19381,27244,14188,177,10314,18733,25916,13761,184,9742,17674,24710,13036,172,9092,16599,23000,11938,168,7580,13486,18597,9865,195,8245,14823,20020,10742,164
"September","Less than 40 km per hour",3506,5683,8250,4201,33,166,279,415,218,0,146,254,352,183,3,163,270,399,209,1,192,297,419,240,4,154,269,356,192,1,147,235,348,164,2,136,214,317,158,1,165,257,391,196,3,145,234,358,191,1,127,195,283,156,0,160,262,378,180,2,114,179,259,134,2,125,193,306,147,1,120,189,265,136,1,130,208,362,154,1,124,199,291,147,2,145,244,347,178,1,131,213,326,162,0,166,277,397,195,0,197,320,447,232,1,166,261,366,183,3,175,286,393,204,1,212,348,475,242,2
"September","40 km per hour",7001,12282,17733,8506,53,241,422,644,298,3,259,441,689,329,1,276,468,702,336,4,264,446,686,325,3,287,512,777,368,3,304,512,756,367,4,261,439,695,323,2,246,427,642,312,2,280,486,714,359,1,249,431,648,296,1,251,431,677,304,0,313,564,777,376,5,319,564,828,395,2,339,613,864,400,1,353,622,874,422,3,299,522,751,351,1,312,543,769,373,3,332,583,832,410,2,342,607,844,426,2,350,635,874,408,5,368,664,910,452,0,281,505,667,324,1,475,845,1113,552,4
"September","50 km per hour",104079,196741,280886,138374,833,5599,10724,15517,7747,33,5784,11165,16330,7977,35,5332,10247,14915,7407,39,5821,11126,16110,7957,50,5563,10592,15431,7641,38,5289,10074,14149,7104,38,5369,10212,14405,7069,40,5124,9688,13987,6859,37,4939,9307,13216,6464,51,4575,8605,12303,6007,33,4604,8755,12567,6089,42,4432,8401,12215,5891,28,4394,8194,11773,5723,33,4359,8283,11786,5666,38,4308,8105,11797,5674,36,4017,7550,10584,5210,32,4077,7604,10616,5260,26,4006,7458,10510,5225,42,3781,7027,9784,4982,33,3592,6642,9397,4729,24,3372,6288,8863,4370,38,2733,5082,7069,3506,27,3009,5612,7562,3817,40
"September","60 km per hour",28791,56937,82299,41207,342,1464,3018,4500,2216,14,1509,3025,4563,2290,27,1416,2861,4263,2091,18,1353,2647,3934,2014,18,1322,2614,3861,1927,19,1295,2617,3818,1879,19,1345,2626,3787,1888,16,1298,2556,3767,1851,18,1261,2449,3642,1801,23,1203,2364,3484,1716,15,1223,2394,3542,1775,13,1247,2488,3743,1773,14,1201,2411,3528,1715,13,1313,2613,3785,1823,17,1388,2704,3845,1992,17,1304,2599,3646,1849,11,1229,2473,3498,1739,10,1318,2599,3646,1887,6,1242,2421,3276,1731,10,1242,2423,3334,1726,16,1065,2082,2867,1446,12,725,1379,1858,971,11,828,1574,2112,1107,5
"September","70 km per hour",12204,22646,31071,17241,303,529,1027,1428,767,26,568,1095,1500,849,21,501,955,1355,739,11,564,1068,1471,805,15,564,1045,1441,828,10,579,1071,1447,803,17,584,1085,1486,833,11,578,1068,1481,842,12,609,1118,1566,891,24,483,909,1237,670,9,578,1043,1386,821,9,596,1149,1612,860,15,571,1032,1425,787,13,534,986,1367,718,13,508,941,1333,742,8,492,924,1244,696,13,507,934,1251,700,11,531,975,1338,721,9,567,1041,1398,780,14,465,837,1154,662,10,452,828,1100,596,7,423,760,1035,570,9,421,755,1016,561,16
"September","80 km per hour",22644,35910,52261,32794,1048,1214,1915,2942,1919,58,1343,2187,3410,2068,66,1141,1744,2681,1762,62,1214,1896,2818,1809,52,1109,1749,2628,1616,57,1128,1788,2610,1639,47,1109,1684,2459,1613,51,1139,1751,2572,1628,54,1101,1678,2515,1593,54,948,1468,2171,1409,49,963,1488,2237,1404,44,916,1463,2082,1304,46,954,1473,2134,1345,34,903,1419,2029,1313,23,929,1468,2073,1274,32,865,1397,1953,1207,36,838,1364,1890,1148,38,951,1607,2216,1319,41,914,1510,2152,1304,38,805,1312,1831,1150,38,781,1285,1755,1082,43,697,1117,1542,943,51,682,1147,1561,945,34
"September","90 km per hour",13097,20377,29108,18790,679,628,973,1470,964,36,675,1069,1616,1059,53,618,932,1365,911,41,691,1080,1608,1053,39,676,1040,1468,946,42,673,1055,1507,974,37,592,914,1293,842,39,667,1031,1516,986,37,696,1047,1506,971,36,531,798,1180,790,29,589,925,1312,860,28,581,909,1286,830,12,547,845,1213,805,19,525,802,1114,723,25,544,867,1274,775,28,513,801,1097,672,22,522,820,1135,725,38,505,830,1137,696,18,524,831,1114,719,23,491,780,1088,696,20,433,684,955,587,13,430,660,886,571,30,446,684,968,635,14
"September","100 km per hour",17491,32073,46170,25370,651,832,1582,2392,1348,44,730,1317,1979,1102,33,762,1331,2034,1154,19,843,1540,2260,1227,27,788,1337,1960,1125,22,854,1523,2301,1245,54,766,1361,1958,1110,36,824,1412,2041,1154,35,863,1560,2343,1294,40,710,1273,1807,991,37,767,1356,1963,1072,19,724,1319,1875,1069,27,673,1229,1733,968,22,767,1393,1993,1127,22,724,1316,1894,1075,17,718,1386,1908,1057,21,777,1485,2112,1095,26,799,1568,2208,1147,23,825,1594,2203,1156,27,761,1470,2088,1090,26,750,1454,1993,1076,23,576,1033,1450,779,30,658,1234,1675,909,21
"September","110 km per hour",1007,1344,2190,1458,57,16,17,35,23,0,25,26,39,33,1,18,26,36,27,1,31,40,82,47,4,45,60,92,64,8,41,54,84,60,1,37,44,72,56,3,40,46,73,56,2,52,66,99,66,1,48,57,82,57,3,69,89,152,101,4,67,87,128,86,2,58,72,120,66,7,65,78,151,100,6,59,79,149,99,3,47,71,127,69,2,37,57,86,55,1,39,57,82,56,1,33,49,67,46,4,41,67,114,71,0,40,60,109,72,1,52,77,124,79,1,47,65,87,69,1
"September","Choice is other than the preceding values",352,453,689,467,7,24,31,54,29,0,21,24,31,22,1,19,22,28,19,0,18,25,34,22,0,25,30,51,34,0,23,34,43,28,0,15,18,33,22,1,17,23,39,26,0,9,15,21,12,0,7,8,12,7,1,4,6,8,5,0,12,18,29,20,0,10,15,21,12,0,5,7,8,6,0,5,6,9,6,0,24,30,47,37,0,13,14,17,14,1,21,22,36,29,1,15,20,33,20,1,17,19,33,21,1,16,22,34,25,0,16,21,34,26,0,16,23,34,25,0
"September","Unknown",19019,32398,45147,23809,285,985,1669,2344,1290,16,1016,1739,2459,1342,23,991,1666,2306,1268,17,1093,1963,2581,1402,25,983,1686,2256,1217,14,961,1654,2190,1172,17,941,1606,2160,1163,9,885,1530,2053,1116,17,852,1432,1929,1048,12,822,1392,1990,1009,13,909,1523,2189,1117,12,957,1680,2346,1208,11,918,1553,2206,1136,11,742,1238,1765,925,14,644,1069,1556,771,5,731,1235,1745,873,13,712,1206,1680,888,10,818,1401,1979,1037,12,725,1203,1699,915,6,718,1232,1806,926,7,624,1093,1555,749,7,585,975,1417,716,8,407,653,936,521,6
"September","Jurisdiction does not provide this data element",31404,57631,82272,41744,782,1645,3147,4677,2321,27,1691,3219,4844,2434,35,1644,3039,4626,2366,39,1738,3261,4811,2403,27,1526,2827,4090,2053,34,1521,2785,4005,2006,38,1591,2967,4420,2195,46,1746,3220,4705,2384,48,1519,2769,4064,2030,39,1452,2592,3616,1865,45,1350,2379,3456,1755,36,1238,2236,3203,1625,30,1285,2302,3272,1638,47,1302,2405,3337,1676,39,1334,2435,3376,1679,51,1369,2496,3421,1757,34,1131,2042,2826,1411,27,1123,2068,2934,1499,22,1180,2153,2949,1487,26,1063,1937,2544,1325,24,1025,1878,2493,1300,21,887,1591,2122,1176,26,1044,1883,2481,1359,21
"October","Total",262366,471784,680724,356746,5077,13251,24342,36210,19053,263,13361,24317,35830,19044,272,13628,24682,35793,19116,235,13647,24787,36214,19255,276,13184,23845,34757,18502,271,13314,23968,35098,18576,278,12721,22956,32990,17485,250,13229,23563,34299,17975,258,12288,21958,31683,16520,257,11344,20144,29393,15230,220,11052,19680,29253,14890,186,11391,20399,30006,15345,230,10909,19524,28314,14580,195,11313,20129,28796,14781,181,11120,20101,28931,14844,188,10720,19450,27839,14302,194,10490,18989,26905,14076,185,10374,18621,26551,13958,190,10277,18499,25741,13683,200,9970,17813,24968,13252,179,9534,17170,24282,12636,176,7270,12587,17386,9339,172,7979,14260,19485,10304,221
"October","Less than 40 km per hour",3307,5230,7757,4031,37,163,265,424,218,1,142,227,342,169,5,167,283,434,224,2,166,257,370,198,1,165,265,393,221,0,131,221,328,169,1,149,247,348,176,1,172,265,392,211,3,160,250,388,200,0,130,192,289,154,1,114,176,267,139,1,118,182,274,144,1,120,186,288,140,3,126,186,274,141,2,118,177,262,138,2,102,163,254,127,1,139,219,340,173,3,122,190,302,150,0,158,251,357,184,3,169,266,385,206,0,174,276,387,203,3,129,200,275,148,1,173,286,384,198,2
"October","40 km per hour",6912,11702,17695,8478,59,217,386,609,277,1,251,430,657,332,2,261,427,647,320,1,260,458,686,333,3,244,405,646,324,0,307,543,878,424,3,248,423,631,321,1,291,488,787,362,5,256,430,667,315,2,246,403,634,304,1,280,461,790,369,0,312,515,830,387,3,327,543,796,391,2,331,547,811,366,4,359,599,931,439,2,334,575,831,413,0,295,493,707,356,3,333,559,805,396,4,347,601,846,383,5,334,567,841,394,2,385,654,969,451,6,269,466,649,313,5,425,729,1047,508,4
"October","50 km per hour",103091,192562,278628,137535,860,5571,10628,15637,7784,46,5521,10447,15288,7668,49,5585,10601,15373,7670,32,5455,10381,15269,7610,40,5405,10289,14945,7431,50,5389,10164,14756,7360,53,5270,9910,14304,7158,49,5100,9459,13759,6712,34,4935,9241,13207,6421,50,4621,8542,12391,6034,40,4357,8090,12001,5737,37,4496,8380,12476,5978,44,4227,7872,11538,5572,32,4441,8158,11741,5697,27,4365,8139,11797,5713,31,4171,7797,11287,5439,26,4056,7469,10805,5400,29,3936,7263,10339,5160,29,3689,6809,9575,4834,27,3561,6532,9250,4675,33,3429,6292,8847,4438,26,2522,4588,6436,3230,25,2989,5511,7607,3814,51
"October","60 km per hour",29777,58401,84712,42683,371,1453,2923,4462,2221,16,1549,3110,4626,2333,14,1396,2762,4068,2091,26,1502,3033,4515,2289,26,1447,2886,4306,2199,23,1470,2916,4389,2164,19,1344,2631,3892,1962,20,1352,2612,3826,1943,10,1294,2491,3667,1821,15,1187,2289,3390,1694,13,1284,2515,3903,1788,14,1235,2382,3569,1789,13,1316,2575,3682,1794,8,1408,2762,3928,1948,16,1386,2777,3911,1952,13,1369,2726,3860,1913,15,1289,2513,3482,1790,16,1344,2658,3750,1942,22,1214,2338,3142,1658,9,1228,2355,3254,1715,17,1126,2178,3091,1546,18,753,1389,1882,1010,15,831,1580,2117,1121,13
"October","70 km per hour",12357,23324,32322,17661,278,550,1070,1500,841,13,526,978,1374,790,16,625,1207,1682,955,14,617,1171,1571,872,17,575,1090,1535,840,10,622,1145,1607,890,13,648,1265,1693,937,17,595,1131,1617,848,15,553,1050,1461,811,20,495,915,1248,688,16,503,940,1333,723,12,563,1083,1534,803,10,597,1171,1637,852,8,579,1081,1453,786,9,558,1056,1502,817,7,477,874,1215,673,4,470,908,1269,648,10,508,935,1293,713,19,538,1003,1333,750,11,479,888,1209,671,14,473,896,1266,672,9,384,677,937,520,4,422,790,1053,561,10
"October","80 km per hour",22771,35677,52007,32777,1062,1204,1833,2810,1811,56,1351,2125,3232,2063,61,1205,1844,2765,1806,63,1228,1899,2814,1833,56,1235,1899,2773,1818,60,1260,1959,2946,1913,54,1121,1745,2532,1571,55,1167,1765,2628,1705,51,1083,1651,2493,1571,57,976,1490,2290,1378,43,903,1379,1983,1277,35,967,1501,2242,1360,49,937,1468,2141,1315,44,921,1455,2055,1274,43,919,1469,2135,1284,44,832,1347,1910,1211,46,868,1429,1970,1224,37,866,1375,1924,1203,28,866,1394,1890,1184,38,798,1305,1839,1125,33,767,1243,1771,1096,38,670,1061,1421,882,33,627,1041,1443,873,38
"October","90 km per hour",13955,21024,30118,19893,701,710,1082,1671,1118,43,727,1104,1619,1065,44,734,1080,1574,1072,24,748,1096,1583,1062,50,742,1088,1598,1086,36,688,1024,1478,1003,46,676,1007,1474,986,25,788,1150,1670,1130,43,646,964,1375,925,34,624,948,1345,885,25,626,939,1334,884,26,600,870,1230,825,32,560,826,1173,792,25,546,818,1156,726,23,529,805,1127,741,22,496,770,1095,698,21,535,837,1209,790,20,529,813,1163,760,23,566,899,1277,816,27,555,825,1145,767,24,451,733,1023,618,25,431,639,835,549,23,448,707,964,595,40
"October","100 km per hour",18026,32492,46746,25982,649,771,1385,2104,1179,38,765,1407,2103,1156,32,821,1423,2005,1192,24,841,1490,2180,1265,39,787,1361,2015,1143,34,801,1359,1995,1179,40,772,1341,1937,1109,30,909,1643,2334,1312,35,830,1465,2141,1181,24,719,1295,1992,1073,23,792,1374,2085,1141,22,801,1465,2138,1163,36,753,1338,1937,1067,22,757,1318,1868,1071,22,800,1458,2051,1128,16,705,1301,1854,1027,27,808,1534,2134,1137,24,794,1482,2152,1142,23,888,1696,2349,1286,33,878,1635,2306,1256,22,802,1542,2107,1121,31,588,1019,1391,777,25,644,1161,1568,877,27
"October","110 km per hour",1209,1564,2421,1684,52,24,26,41,33,2,22,29,51,35,0,40,55,102,73,2,25,26,45,31,1,59,68,103,82,1,60,71,104,82,2,54,81,120,86,2,46,60,112,80,4,60,72,132,85,5,70,89,138,100,2,82,106,174,113,1,62,83,124,83,3,74,98,147,88,5,63,82,128,84,3,48,65,113,67,1,62,88,125,79,4,58,79,116,73,4,54,70,106,76,2,45,56,77,62,0,53,67,95,67,4,51,67,93,68,1,49,66,92,71,1,48,60,83,66,2
"October","Choice is other than the preceding values",392,532,817,509,7,28,36,66,42,1,22,28,46,32,0,17,20,33,21,0,33,44,70,39,0,31,46,78,46,0,18,26,32,20,0,13,16,24,15,0,17,20,27,21,0,20,33,44,22,0,3,3,5,3,1,6,6,9,7,0,12,19,28,17,0,14,22,26,13,1,3,4,6,3,0,7,11,17,8,1,15,20,24,17,0,19,28,36,23,1,33,45,76,51,0,38,55,90,50,2,14,19,37,21,0,12,14,18,15,0,9,9,13,12,0,8,8,12,11,0
"October","Unknown",18633,31423,44570,23151,245,963,1690,2377,1272,10,998,1678,2348,1301,18,952,1575,2194,1176,9,941,1589,2142,1154,14,935,1587,2211,1181,18,958,1651,2221,1201,10,885,1488,1995,1115,12,918,1540,2105,1142,14,820,1373,1951,1005,11,858,1460,2063,1063,12,837,1432,2084,1027,13,874,1494,2139,1065,7,765,1258,1836,947,7,824,1400,1968,994,6,733,1226,1813,886,14,739,1235,1791,899,9,663,1152,1638,815,9,718,1182,1687,851,11,691,1160,1687,882,13,735,1226,1827,899,3,788,1327,2000,1007,6,587,957,1443,726,10,451,743,1050,543,9
"October","Jurisdiction does not provide this data element",31936,57853,82931,42362,756,1597,3018,4509,2257,36,1487,2754,4144,2100,31,1825,3405,4916,2516,38,1831,3343,4969,2569,29,1559,2861,4154,2131,39,1610,2889,4364,2171,37,1541,2802,4040,2049,38,1874,3430,5042,2509,44,1631,2938,4157,2163,39,1415,2518,3608,1854,43,1268,2262,3290,1685,25,1351,2425,3422,1731,32,1219,2167,3113,1609,38,1314,2318,3408,1691,26,1298,2319,3272,1671,35,1418,2554,3593,1806,41,1290,2328,3199,1647,29,1137,2049,2954,1514,29,1237,2237,3118,1594,32,1166,2128,2780,1456,27,1076,1948,2710,1401,13,879,1516,2012,1101,30,913,1644,2157,1137,25
"November","Total",260560,457408,661238,351662,4636,13146,23435,34802,18734,278,13310,23835,35148,18766,245,13001,23223,34181,18240,251,13983,24447,36269,19655,242,13119,22912,33841,18266,238,12283,21566,31236,16692,251,13182,23048,33250,17939,254,12679,22430,32298,17120,211,12555,21685,31506,16738,224,11469,19589,28938,15493,209,10461,18193,26828,14023,193,11441,20131,29442,15305,202,11371,19935,28773,15112,172,10902,19305,27541,14381,161,10867,19335,27552,14514,178,10757,18758,27102,14291,157,10352,18341,26190,13751,160,10500,18563,26247,13793,189,10550,18497,25812,13872,153,10411,18206,25722,13633,166,9287,16288,22974,12202,175,6948,11909,16608,8987,161,7986,13777,18978,10155,166
"November","Less than 40 km per hour",2937,4488,6839,3526,30,133,204,319,172,1,139,217,333,176,1,132,203,313,166,4,141,218,339,177,0,140,204,303,170,2,129,203,306,158,1,140,219,322,162,2,133,206,300,155,0,116,180,268,143,0,99,148,234,115,2,116,179,275,132,0,104,160,261,126,1,126,187,304,154,0,113,172,281,141,2,88,138,210,109,0,105,164,243,121,1,112,174,264,142,0,155,241,366,179,0,158,228,331,186,4,139,214,301,154,1,128,196,296,151,2,118,175,263,134,4,173,258,407,203,2
"November","40 km per hour",6407,10557,16326,7951,44,244,427,674,318,2,242,420,682,335,1,261,451,701,345,1,264,451,669,316,3,231,394,631,310,0,243,386,610,303,2,243,404,630,301,2,221,348,549,262,3,250,402,661,310,0,210,337,549,278,5,255,394,659,319,1,308,501,780,389,3,318,520,796,400,1,305,506,739,360,1,257,418,623,318,2,269,449,754,341,0,306,517,779,359,2,302,484,758,350,4,341,579,838,422,1,342,542,864,443,3,313,502,736,357,4,263,431,639,322,2,419,694,1005,493,1
"November","50 km per hour",98457,180318,263878,130667,847,5261,9856,14690,7292,38,5281,9884,14531,7198,37,5247,9815,14399,7179,41,5423,10093,15137,7536,44,5184,9551,14156,7071,43,4973,9217,13385,6625,51,5088,9361,13644,6817,42,4911,9056,13192,6524,46,4726,8611,12571,6180,43,4380,7884,11776,5770,36,4017,7283,10942,5365,43,4258,7790,11604,5602,25,4321,7889,11625,5599,36,3960,7301,10556,5157,36,3886,7106,10347,5164,33,3803,6850,10096,4978,29,3904,7109,10282,5018,33,3842,7007,10083,4997,37,3713,6628,9454,4790,23,3640,6546,9359,4682,32,3215,5778,8333,4212,39,2488,4451,6321,3209,25,2936,5252,7395,3702,35
"November","60 km per hour",28388,54642,79016,40210,294,1448,2881,4264,2189,12,1447,2838,4322,2127,13,1358,2629,3896,2002,20,1300,2459,3672,1903,13,1281,2480,3721,1897,14,1277,2494,3631,1840,12,1346,2637,3859,1928,14,1195,2281,3366,1746,9,1343,2543,3712,1821,15,1172,2204,3335,1678,16,1145,2225,3317,1623,10,1255,2423,3634,1788,8,1330,2560,3624,1884,7,1323,2538,3572,1818,12,1231,2367,3378,1704,14,1295,2479,3541,1781,16,1307,2534,3562,1872,10,1294,2520,3538,1765,17,1303,2497,3428,1792,12,1303,2457,3433,1764,12,1044,1986,2693,1443,9,636,1178,1606,845,15,755,1432,1912,1000,14
"November","70 km per hour",12218,22548,30900,17324,228,506,938,1369,779,17,518,951,1305,800,10,538,1026,1464,783,10,611,1103,1535,883,9,577,1017,1412,803,8,519,969,1314,761,10,590,1124,1542,888,15,569,1079,1422,798,12,574,1046,1444,790,6,565,1032,1385,792,11,537,1003,1387,786,8,603,1133,1584,861,11,609,1119,1533,842,8,531,976,1333,741,10,594,1123,1489,820,13,512,917,1262,699,8,480,916,1213,682,7,471,883,1235,668,8,545,988,1315,732,12,507,928,1281,728,7,512,950,1308,702,14,348,612,819,453,9,402,715,949,533,5
"November","80 km per hour",24392,36847,52482,34309,939,1306,1994,2954,1950,68,1410,2146,3164,2096,44,1217,1795,2699,1806,61,1531,2213,3305,2277,56,1304,1884,2746,1842,53,1176,1696,2462,1605,65,1304,1935,2732,1862,56,1191,1733,2497,1647,33,1229,1838,2569,1701,40,1115,1659,2428,1596,42,908,1312,1832,1203,34,1001,1541,2196,1380,41,1013,1595,2313,1436,34,995,1551,2135,1368,30,1044,1626,2302,1444,36,970,1438,1966,1320,26,861,1375,1917,1195,32,936,1452,1959,1270,30,882,1412,1901,1204,30,894,1414,1949,1233,38,773,1170,1651,1045,31,693,1058,1473,971,29,639,1010,1332,858,30
"November","90 km per hour",16011,23463,33471,22462,650,767,1156,1706,1165,43,697,1012,1519,1038,42,700,1029,1530,1049,39,916,1362,1981,1337,48,886,1255,1920,1292,45,808,1150,1687,1172,38,913,1323,1918,1308,33,763,1128,1576,1078,34,842,1196,1736,1157,29,752,1081,1539,1058,28,702,996,1410,961,31,734,1051,1459,979,25,661,965,1331,910,10,632,951,1321,870,17,683,978,1341,918,21,692,1011,1442,960,21,557,861,1246,777,18,597,878,1222,828,24,636,968,1296,845,27,631,938,1312,827,23,553,852,1203,774,13,422,642,850,556,23,467,680,926,603,18
"November","100 km per hour",20102,35317,49448,27937,607,860,1490,2152,1234,48,874,1515,2227,1250,35,860,1492,2147,1245,31,1055,1738,2470,1467,27,909,1532,2192,1263,31,881,1512,2146,1225,28,1000,1683,2378,1364,42,902,1606,2323,1297,28,992,1660,2397,1358,32,862,1420,2059,1229,25,781,1379,1978,1065,20,882,1569,2233,1233,36,858,1506,2098,1183,28,880,1589,2198,1238,20,914,1724,2393,1324,22,909,1620,2236,1266,11,815,1469,2017,1167,20,915,1676,2240,1233,35,850,1562,2105,1199,12,905,1679,2260,1213,13,877,1608,2164,1176,23,639,1081,1417,809,19,682,1207,1618,899,21
"November","110 km per hour",1510,1911,3013,2041,79,36,40,73,59,0,28,32,59,43,1,37,47,79,56,1,42,47,71,58,3,51,60,98,62,3,55,60,96,79,2,85,103,168,130,3,76,108,181,107,2,90,111,182,117,9,88,102,184,128,1,83,99,153,107,4,92,129,190,120,2,99,131,218,140,5,77,95,155,103,3,71,117,187,102,3,71,88,134,91,3,62,84,125,86,9,61,79,109,79,4,49,65,95,66,3,72,85,132,88,7,62,78,109,72,4,54,66,100,68,4,69,85,115,80,3
"November","Choice is other than the preceding values",376,481,702,467,15,30,40,59,32,2,15,22,30,18,0,15,17,25,18,3,23,27,43,30,1,30,39,63,44,0,17,19,28,18,0,11,15,17,11,1,13,18,24,18,0,7,8,10,7,0,7,9,15,10,0,4,4,6,4,0,12,14,22,15,1,8,12,14,8,0,10,15,19,12,1,7,13,15,9,0,37,50,76,53,1,39,44,69,49,1,24,29,42,33,0,27,34,50,32,0,12,16,20,13,0,13,18,27,16,2,8,9,14,9,1,7,9,14,8,1
"November","Unknown",18183,30027,43000,22668,206,953,1555,2246,1259,13,978,1661,2271,1226,18,955,1617,2212,1201,9,983,1658,2302,1280,10,928,1519,2138,1202,10,836,1401,1918,1042,11,829,1347,1804,1028,8,880,1493,2056,1106,12,871,1433,2001,1107,5,835,1338,1948,1022,6,737,1201,1786,895,11,891,1515,2178,1088,9,815,1363,2007,1021,7,808,1310,1938,972,9,736,1236,1757,910,9,724,1183,1805,888,11,719,1160,1678,866,8,728,1214,1727,891,8,672,1080,1597,853,6,745,1193,1812,929,8,648,1096,1640,789,8,472,765,1178,580,6,440,689,1001,513,4
"November","Jurisdiction does not provide this data element",31579,56809,82163,42100,697,1602,2854,4296,2285,34,1681,3137,4705,2459,43,1681,3102,4716,2390,31,1694,3078,4745,2391,28,1598,2977,4461,2310,29,1369,2459,3653,1864,31,1633,2897,4236,2140,36,1825,3374,4812,2382,32,1515,2657,3955,2047,45,1384,2375,3486,1817,37,1176,2118,3083,1563,31,1301,2305,3301,1724,40,1213,2088,2910,1535,36,1268,2301,3294,1601,20,1356,2489,3510,1692,25,1370,2509,3547,1793,30,1190,2098,3038,1538,20,1175,2100,2968,1500,22,1374,2456,3402,1751,23,1221,2194,2999,1559,22,1149,2054,2814,1465,26,807,1441,1928,1031,24,997,1746,2304,1263,32
"December","Total",263485,463666,686517,361805,4486,13802,24585,37414,19902,296,14924,26733,39906,21085,238,14272,25206,38428,20520,275,14242,25254,37935,20349,298,13170,23204,34391,18386,237,13735,24329,36320,19035,227,13500,23786,35279,18717,278,12410,21531,32514,17197,212,11663,20736,31065,16111,228,11635,20534,30688,15746,190,11187,19544,29803,15305,179,11126,19536,29269,15238,172,11369,19643,29497,15350,169,11146,19329,28599,14866,174,11073,19664,28432,14962,131,10062,17708,25857,13499,156,10423,18208,26267,13956,166,10729,19001,27250,14373,146,10711,18958,26811,14278,174,9238,16108,23682,12493,136,9025,15840,22948,12053,144,6322,10714,15274,8205,119,7721,13515,18888,10179,141
"December","Less than 40 km per hour",2794,4385,6660,3390,41,129,208,343,191,1,145,241,379,175,3,143,223,352,179,0,132,213,339,171,3,118,183,277,146,1,121,200,309,148,1,129,202,303,155,3,117,172,270,136,0,105,170,258,133,2,98,162,241,113,4,85,128,209,98,2,96,150,236,112,1,125,196,291,149,4,98,148,225,116,5,129,203,280,153,5,109,185,264,127,0,144,238,349,172,0,122,192,278,145,1,153,236,331,187,0,149,214,320,177,0,116,171,272,136,3,96,143,228,113,1,135,207,306,158,1
"December","40 km per hour",5988,9862,15463,7421,41,255,426,684,334,0,267,468,758,361,1,252,424,689,324,2,246,403,667,310,2,235,397,610,303,0,249,396,663,314,4,225,382,588,282,2,206,331,540,271,2,203,354,576,250,1,218,355,576,275,0,236,383,661,286,0,307,489,817,404,2,303,485,784,364,2,300,492,738,346,5,234,398,577,285,0,251,413,634,314,2,268,437,634,316,1,281,450,673,341,1,285,481,693,352,3,295,492,764,344,4,280,449,710,333,2,251,403,605,303,3,341,554,822,409,2
"December","50 km per hour",96336,176962,263481,129283,685,5423,10143,15394,7619,56,5437,10215,15213,7602,34,5521,10279,15673,7831,49,5555,10333,15420,7727,47,5128,9538,14178,7086,32,5072,9485,14174,6877,30,5160,9585,14340,6982,37,4466,8265,12396,6001,24,4237,7866,11738,5681,29,4061,7478,11218,5308,22,3949,7248,10984,5288,31,3942,7221,10939,5249,26,4213,7564,11578,5580,27,3873,6994,10393,4916,27,3882,7134,10360,5078,22,3700,6813,10037,4871,21,3788,6797,10007,4970,24,3711,6831,9931,4903,22,3765,6808,9720,4890,35,3358,5965,8947,4451,25,3152,5611,8228,4052,23,2317,4083,5975,2957,22,2626,4706,6638,3364,20
"December","60 km per hour",28604,55025,81144,40946,269,1545,3090,4750,2372,12,1677,3303,4947,2391,13,1415,2749,4293,2143,17,1450,2847,4248,2164,18,1359,2570,3900,1966,16,1356,2644,3974,1951,15,1331,2581,3852,1961,11,1332,2561,3923,1973,9,1165,2233,3377,1705,12,1123,2141,3225,1567,14,1177,2246,3649,1700,11,1222,2343,3540,1755,13,1291,2444,3650,1801,11,1277,2466,3632,1827,10,1224,2340,3203,1671,7,1181,2243,3243,1634,10,1334,2543,3623,1893,8,1319,2543,3549,1839,9,1292,2447,3370,1782,12,1092,2081,2893,1504,8,1049,1999,2812,1450,12,615,1149,1560,836,9,778,1462,1931,1061,12
"December","70 km per hour",12563,22910,32362,18144,209,577,1069,1524,867,13,605,1096,1557,892,16,581,1046,1491,859,14,597,1076,1517,847,12,610,1090,1538,857,17,603,1128,1537,852,9,651,1160,1661,938,15,599,1071,1550,906,13,542,1032,1439,769,8,513,963,1361,749,7,594,1125,1680,922,2,577,1063,1559,844,14,620,1144,1569,888,6,554,962,1402,778,10,559,1031,1478,833,6,474,872,1213,678,6,496,897,1235,692,9,562,1011,1427,795,3,552,995,1333,774,5,448,835,1192,635,8,492,881,1203,697,6,334,588,813,467,5,423,775,1083,605,5
"December","80 km per hour",24814,37840,56189,35697,852,1479,2187,3392,2222,73,1523,2371,3601,2273,53,1578,2244,3388,2296,55,1335,1960,3132,2110,47,1343,2043,3042,1946,47,1424,2180,3322,2062,47,1261,1907,2888,1857,57,1273,1829,2821,1820,52,953,1450,2175,1373,43,1054,1658,2561,1573,43,1090,1643,2436,1501,36,997,1501,2261,1394,22,1108,1676,2454,1552,26,1028,1553,2253,1414,25,939,1493,2112,1319,15,868,1350,1983,1249,28,850,1314,1842,1138,30,959,1533,2167,1317,33,922,1496,2114,1293,32,768,1190,1700,1081,21,822,1321,1910,1216,26,629,966,1333,860,18,611,975,1302,831,23
"December","90 km per hour",17164,25540,38158,25048,749,923,1367,2116,1385,55,936,1398,2144,1406,50,900,1305,2003,1353,70,843,1211,1838,1244,68,892,1330,1984,1307,46,952,1443,2192,1428,30,909,1337,1985,1356,42,892,1269,1995,1333,24,739,1163,1772,1125,34,829,1241,1907,1216,24,788,1169,1820,1177,30,757,1149,1711,1109,28,807,1156,1745,1126,40,817,1213,1812,1207,36,745,1142,1716,1109,26,622,905,1310,855,17,610,912,1294,873,23,692,1022,1440,960,18,653,997,1392,908,24,492,765,1122,717,10,524,775,1116,714,12,369,543,749,487,19,473,728,995,653,23
"December","100 km per hour",22593,38776,57475,32626,681,902,1574,2461,1399,33,1268,2123,3190,1846,22,958,1620,2560,1433,29,1033,1716,2669,1587,44,1038,1689,2532,1483,18,1287,2150,3300,1886,38,1138,1913,2813,1654,47,978,1679,2527,1422,32,1000,1622,2546,1479,37,1162,2002,2944,1629,28,992,1620,2321,1393,34,998,1768,2574,1456,25,865,1491,2185,1248,24,978,1677,2526,1368,30,1247,2153,3131,1750,22,894,1554,2224,1263,31,880,1524,2223,1266,32,1127,2025,2848,1540,21,1026,1895,2705,1446,32,806,1432,2102,1206,26,817,1529,2170,1188,27,532,850,1216,727,21,667,1170,1708,957,28
"December","110 km per hour",1519,1931,3162,2135,49,25,30,54,41,0,46,68,113,65,0,37,47,79,54,2,50,65,112,79,4,76,97,146,100,2,59,72,117,82,2,81,95,162,123,3,85,96,169,111,2,103,129,223,144,3,80,104,165,111,3,88,110,197,120,10,118,146,254,173,4,87,108,164,109,0,108,141,249,165,2,91,116,202,131,2,48,66,98,57,1,46,64,88,62,3,49,70,108,77,1,47,68,100,66,1,47,56,83,59,1,52,66,108,76,1,48,54,82,64,0,48,63,89,66,2
"December","Choice is other than the preceding values",437,596,904,572,12,27,41,58,34,0,19,28,40,20,0,17,23,29,19,0,23,28,38,24,1,29,39,69,41,2,5,8,10,5,0,13,14,20,15,0,18,24,30,19,1,18,24,35,24,0,8,10,15,10,0,7,9,16,11,0,6,11,19,12,1,3,5,6,3,0,8,10,16,8,0,5,11,18,9,0,38,45,67,48,2,63,84,126,86,2,42,48,86,58,0,40,70,105,55,0,20,25,40,29,0,8,10,17,12,1,8,10,16,12,1,12,19,28,18,1
"December","Unknown",18424,30939,44742,23095,234,987,1659,2384,1284,22,1096,1888,2590,1390,12,1014,1674,2448,1364,16,1002,1745,2404,1295,14,973,1645,2248,1255,18,942,1595,2166,1173,16,885,1504,2067,1111,12,816,1358,1942,1023,15,920,1623,2303,1158,16,888,1547,2217,1090,13,847,1429,2219,1047,4,786,1332,1898,986,6,779,1301,1949,969,4,781,1284,1913,974,6,735,1275,1870,914,5,667,1079,1633,813,5,734,1183,1703,884,10,717,1168,1737,880,9,655,1084,1551,810,8,673,1085,1689,823,7,626,1025,1593,743,8,442,721,1133,548,2,459,735,1085,561,6
"December","Jurisdiction does not provide this data element",32249,58900,86777,43448,664,1530,2791,4254,2154,31,1905,3534,5374,2664,34,1856,3572,5423,2665,21,1976,3657,5551,2791,38,1369,2583,3867,1896,38,1665,3028,4556,2257,35,1717,3106,4600,2283,49,1628,2876,4351,2182,38,1678,3070,4623,2270,43,1601,2873,4258,2105,32,1334,2434,3611,1762,19,1320,2363,3461,1744,30,1168,2073,3122,1561,25,1324,2389,3440,1747,18,1283,2368,3485,1710,21,1210,2183,3151,1590,33,1210,2215,3143,1604,24,1148,2108,3006,1518,28,1321,2381,3397,1715,22,1090,1968,2830,1467,26,1087,2003,2809,1436,23,681,1204,1564,831,18,1148,2121,2901,1496,18
"Unknown","Total",112,302,438,146,6,5,9,12,6,0,6,16,25,10,0,9,14,19,11,0,5,18,27,7,0,2,4,4,2,0,2,3,4,2,0,3,4,6,3,0,4,16,21,6,0,7,10,16,11,0,4,18,26,6,0,8,24,35,11,0,10,26,38,12,0,11,28,46,17,0,12,32,43,12,2,4,19,25,5,0,4,16,23,4,1,6,10,12,8,0,3,3,6,4,0,2,14,21,4,0,1,2,4,3,0,1,1,2,0,1,1,1,2,0,1,2,14,21,2,1
"Unknown","Less than 40 km per hour",8,12,19,12,0,0,0,0,0,0,0,0,0,0,0,1,1,1,1,0,0,0,0,0,0,0,0,0,0,0,0,0,0,0,0,0,0,0,0,0,0,0,0,0,0,0,0,0,0,0,0,0,0,0,0,2,3,5,4,0,0,0,0,0,0,1,2,2,1,0,1,1,2,1,0,0,0,0,0,0,0,0,0,0,0,1,2,2,1,0,1,1,3,1,0,0,0,0,0,0,1,2,4,3,0,0,0,0,0,0,0,0,0,0,0,0,0,0,0,0
"Unknown","40 km per hour",2,3,4,3,0,0,0,0,0,0,0,0,0,0,0,0,0,0,0,0,0,0,0,0,0,0,0,0,0,0,0,0,0,0,0,0,0,0,0,0,0,0,0,0,0,0,0,0,0,0,0,0,0,0,0,0,0,0,0,0,0,0,0,0,0,1,1,2,2,0,1,2,2,1,0,0,0,0,0,0,0,0,0,0,0,0,0,0,0,0,0,0,0,0,0,0,0,0,0,0,0,0,0,0,0,0,0,0,0,0,0,0,0,0,0,0,0,0,0,0
"Unknown","50 km per hour",0,0,0,0,0,0,0,0,0,0,0,0,0,0,0,0,0,0,0,0,0,0,0,0,0,0,0,0,0,0,0,0,0,0,0,0,0,0,0,0,0,0,0,0,0,0,0,0,0,0,0,0,0,0,0,0,0,0,0,0,0,0,0,0,0,0,0,0,0,0,0,0,0,0,0,0,0,0,0,0,0,0,0,0,0,0,0,0,0,0,0,0,0,0,0,0,0,0,0,0,0,0,0,0,0,0,0,0,0,0,0,0,0,0,0,0,0,0,0,0
"Unknown","60 km per hour",1,1,2,2,0,0,0,0,0,0,0,0,0,0,0,1,1,2,2,0,0,0,0,0,0,0,0,0,0,0,0,0,0,0,0,0,0,0,0,0,0,0,0,0,0,0,0,0,0,0,0,0,0,0,0,0,0,0,0,0,0,0,0,0,0,0,0,0,0,0,0,0,0,0,0,0,0,0,0,0,0,0,0,0,0,0,0,0,0,0,0,0,0,0,0,0,0,0,0,0,0,0,0,0,0,0,0,0,0,0,0,0,0,0,0,0,0,0,0,0
"Unknown","70 km per hour",0,0,0,0,0,0,0,0,0,0,0,0,0,0,0,0,0,0,0,0,0,0,0,0,0,0,0,0,0,0,0,0,0,0,0,0,0,0,0,0,0,0,0,0,0,0,0,0,0,0,0,0,0,0,0,0,0,0,0,0,0,0,0,0,0,0,0,0,0,0,0,0,0,0,0,0,0,0,0,0,0,0,0,0,0,0,0,0,0,0,0,0,0,0,0,0,0,0,0,0,0,0,0,0,0,0,0,0,0,0,0,0,0,0,0,0,0,0,0,0
"Unknown","80 km per hour",0,0,0,0,0,0,0,0,0,0,0,0,0,0,0,0,0,0,0,0,0,0,0,0,0,0,0,0,0,0,0,0,0,0,0,0,0,0,0,0,0,0,0,0,0,0,0,0,0,0,0,0,0,0,0,0,0,0,0,0,0,0,0,0,0,0,0,0,0,0,0,0,0,0,0,0,0,0,0,0,0,0,0,0,0,0,0,0,0,0,0,0,0,0,0,0,0,0,0,0,0,0,0,0,0,0,0,0,0,0,0,0,0,0,0,0,0,0,0,0
"Unknown","90 km per hour",1,1,1,1,0,0,0,0,0,0,0,0,0,0,0,0,0,0,0,0,1,1,1,1,0,0,0,0,0,0,0,0,0,0,0,0,0,0,0,0,0,0,0,0,0,0,0,0,0,0,0,0,0,0,0,0,0,0,0,0,0,0,0,0,0,0,0,0,0,0,0,0,0,0,0,0,0,0,0,0,0,0,0,0,0,0,0,0,0,0,0,0,0,0,0,0,0,0,0,0,0,0,0,0,0,0,0,0,0,0,0,0,0,0,0,0,0,0,0,0
"Unknown","100 km per hour",0,0,0,0,0,0,0,0,0,0,0,0,0,0,0,0,0,0,0,0,0,0,0,0,0,0,0,0,0,0,0,0,0,0,0,0,0,0,0,0,0,0,0,0,0,0,0,0,0,0,0,0,0,0,0,0,0,0,0,0,0,0,0,0,0,0,0,0,0,0,0,0,0,0,0,0,0,0,0,0,0,0,0,0,0,0,0,0,0,0,0,0,0,0,0,0,0,0,0,0,0,0,0,0,0,0,0,0,0,0,0,0,0,0,0,0,0,0,0,0
"Unknown","110 km per hour",0,0,0,0,0,0,0,0,0,0,0,0,0,0,0,0,0,0,0,0,0,0,0,0,0,0,0,0,0,0,0,0,0,0,0,0,0,0,0,0,0,0,0,0,0,0,0,0,0,0,0,0,0,0,0,0,0,0,0,0,0,0,0,0,0,0,0,0,0,0,0,0,0,0,0,0,0,0,0,0,0,0,0,0,0,0,0,0,0,0,0,0,0,0,0,0,0,0,0,0,0,0,0,0,0,0,0,0,0,0,0,0,0,0,0,0,0,0,0,0
"Unknown","Choice is other than the preceding values",1,1,1,1,0,0,0,0,0,0,0,0,0,0,0,0,0,0,0,0,0,0,0,0,0,0,0,0,0,0,0,0,0,0,0,0,0,0,0,0,0,0,0,0,0,1,1,1,1,0,0,0,0,0,0,0,0,0,0,0,0,0,0,0,0,0,0,0,0,0,0,0,0,0,0,0,0,0,0,0,0,0,0,0,0,0,0,0,0,0,0,0,0,0,0,0,0,0,0,0,0,0,0,0,0,0,0,0,0,0,0,0,0,0,0,0,0,0,0,0
"Unknown","Unknown",29,172,252,39,6,0,0,0,0,0,1,9,17,3,0,1,2,3,1,0,1,13,18,2,0,0,0,0,0,0,1,2,2,1,0,0,0,0,0,0,1,10,11,1,0,2,2,5,4,0,1,13,19,2,0,3,17,24,4,0,1,13,19,2,0,1,13,19,2,0,3,16,23,3,2,2,14,20,3,0,3,15,22,3,1,2,3,4,2,0,0,0,0,0,0,2,14,21,4,0,0,0,0,0,0,1,1,2,0,1,1,1,2,0,1,2,14,21,2,1
"Unknown","Jurisdiction does not provide this data element",70,112,159,88,0,5,9,12,6,0,5,7,8,7,0,6,10,13,7,0,3,4,8,4,0,2,4,4,2,0,1,1,2,1,0,3,4,6,3,0,3,6,10,5,0,4,7,10,6,0,3,5,7,4,0,3,4,6,3,0,9,13,19,10,0,8,12,23,12,0,7,13,16,7,0,2,5,5,2,0,1,1,1,1,0,3,5,6,5,0,2,2,3,3,0,0,0,0,0,0,0,0,0,0,0,0,0,0,0,0,0,0,0,0,0,0,0,0,0,0
